sysTime,driveMode,gyroYaw,leftEncoder,rightEncoder,leftEncoderVel,rightEncoderVel,leftMotorPercent,rightMotorPercent,leftMotorVoltage,rightMotorVoltage,leftMotorCurrent,rightMotorCurrent,driveStick,turnStick,leftPathPos,leftPathVel,leftPathAcc,rightPathPos,rightPathVel,rightPathAcc,pathHdg,pathStep0,pathStep1,leftBusVoltage,rightBusVoltage,leftTemp,rightTemp,leftHasResetOccurred,rightHasResetOccurred,leftIsSafetyEnabled,rightIsSafetyEnabled
11863435,OPEN_LOOP,-2.490000009536743,124152.0,130351.0,0.0,0.0,0.0,0.0,0.0,0.0,0.125,0.125,0.0078125,0.0,0.0,0.0,0.0,0.0,0.0,0.0,0.0,0,0,12.1,12.05,29.0,26.0,false,false,false,false
34648672,OPEN_LOOP,0.0,124152.0,130351.0,0.0,0.0,0.0,0.0,0.0,0.0,0.125,0.125,0.0078125,0.0,0.0,0.0,0.0,0.0,0.0,0.0,0.0,0,0,12.1,12.05,29.0,26.0,false,false,false,false
47897692,OPEN_LOOP,0.0,124152.0,130351.0,0.0,0.0,0.0,0.0,0.0,0.0,0.125,0.125,0.0078125,0.0,0.0,0.0,0.0,0.0,0.0,0.0,0.0,0,0,12.1,12.05,29.0,26.0,false,false,false,false
52186654,OPEN_LOOP,0.0,124152.0,130351.0,0.0,0.0,0.0,0.0,0.0,0.0,0.125,0.125,0.0078125,0.0,0.0,0.0,0.0,0.0,0.0,0.0,0.0,0,0,12.1,12.05,29.0,26.0,false,false,false,false
63280454,OPEN_LOOP,0.0,124152.0,130351.0,0.0,0.0,0.0,0.0,0.0,0.0,0.125,0.125,0.0078125,0.0,0.0,0.0,0.0,0.0,0.0,0.0,0.0,0,0,12.1,12.05,29.0,26.0,false,false,false,false
72654542,OPEN_LOOP,0.0,124152.0,130351.0,0.0,0.0,0.0,0.0,0.0,0.0,0.125,0.125,0.0078125,0.0,0.0,0.0,0.0,0.0,0.0,0.0,0.0,0,0,12.1,12.05,29.0,26.0,false,false,false,false
77025749,OPEN_LOOP,0.0,124152.0,130351.0,0.0,0.0,0.0,0.0,0.0,0.0,0.125,0.125,0.0078125,0.0,0.0,0.0,0.0,0.0,0.0,0.0,0.0,0,0,12.1,12.05,29.0,26.0,false,false,false,false
90154607,OPEN_LOOP,0.0,124152.0,130351.0,0.0,0.0,0.0,0.0,0.0,0.0,0.125,0.125,0.0078125,0.0,0.0,0.0,0.0,0.0,0.0,0.0,0.0,0,0,12.1,12.05,29.0,26.0,false,false,false,false
95407133,OPEN_LOOP,0.0,124152.0,130351.0,0.0,0.0,0.0,0.0,0.0,0.0,0.125,0.125,0.0078125,0.0,0.0,0.0,0.0,0.0,0.0,0.0,0.0,0,0,12.1,12.05,29.0,26.0,false,false,false,false
108213132,OPEN_LOOP,0.0,124152.0,130351.0,0.0,0.0,0.0,0.0,0.0,0.0,0.125,0.125,0.0078125,0.0,0.0,0.0,0.0,0.0,0.0,0.0,0.0,0,0,12.1,12.05,29.0,26.0,false,false,false,false
115666533,OPEN_LOOP,0.0,124152.0,130351.0,0.0,0.0,0.0,0.0,0.0,0.0,0.125,0.125,0.0078125,0.0,0.0,0.0,0.0,0.0,0.0,0.0,0.0,0,0,12.1,12.05,29.0,26.0,false,false,false,false
130877364,OPEN_LOOP,0.0,124152.0,130351.0,0.0,0.0,0.0,0.0,0.0,0.0,0.125,0.125,0.0078125,0.0,0.0,0.0,0.0,0.0,0.0,0.0,0.0,0,0,12.1,12.05,29.0,26.0,false,false,false,false
135962745,OPEN_LOOP,0.0,124152.0,130351.0,0.0,0.0,0.0,0.0,0.0,0.0,0.125,0.125,0.0078125,0.0,0.0,0.0,0.0,0.0,0.0,0.0,0.0,0,0,12.1,12.05,29.0,26.0,false,false,false,false
148450353,OPEN_LOOP,0.0,124152.0,130351.0,0.0,0.0,0.0,0.0,0.0,0.0,0.125,0.125,0.0078125,0.0,0.0,0.0,0.0,0.0,0.0,0.0,0.0,0,0,12.1,12.05,29.0,26.0,false,false,false,false
154397304,OPEN_LOOP,0.0,124152.0,130351.0,0.0,0.0,0.0,0.0,0.0,0.0,0.125,0.125,0.0078125,0.0,0.0,0.0,0.0,0.0,0.0,0.0,0.0,0,0,12.1,12.05,29.0,26.0,false,false,false,false
168437920,OPEN_LOOP,0.0,124152.0,130351.0,0.0,0.0,0.0,0.0,0.0,0.0,0.125,0.125,0.0078125,0.0,0.0,0.0,0.0,0.0,0.0,0.0,0.0,0,0,12.1,12.05,29.0,26.0,false,false,false,false
192030901,OPEN_LOOP,0.0,124152.0,130351.0,0.0,0.0,0.0,0.0,0.0,0.0,0.125,0.125,0.0078125,0.0,0.0,0.0,0.0,0.0,0.0,0.0,0.0,0,0,12.1,12.05,29.0,26.0,false,false,false,false
209801480,OPEN_LOOP,0.0,124152.0,130351.0,0.0,0.0,0.0,0.0,0.0,0.0,0.125,0.125,0.0078125,0.0,0.0,0.0,0.0,0.0,0.0,0.0,0.0,0,0,12.1,12.05,29.0,26.0,false,false,false,false
214468493,OPEN_LOOP,0.0,124152.0,130351.0,0.0,0.0,0.0,0.0,0.0,0.0,0.125,0.125,0.0078125,0.0,0.0,0.0,0.0,0.0,0.0,0.0,0.0,0,0,12.1,12.05,29.0,26.0,false,false,false,false
228587936,OPEN_LOOP,0.0,124152.0,130351.0,0.0,0.0,0.0,0.0,0.0,0.0,0.125,0.125,0.0078125,0.0,0.0,0.0,0.0,0.0,0.0,0.0,0.0,0,0,12.1,12.05,29.0,26.0,false,false,false,false
235488323,OPEN_LOOP,0.0,124152.0,130351.0,0.0,0.0,0.0,0.0,0.0,0.0,0.125,0.125,0.0078125,0.0,0.0,0.0,0.0,0.0,0.0,0.0,0.0,0,0,12.1,12.05,29.0,26.0,false,false,false,false
251177219,OPEN_LOOP,0.0,124152.0,130351.0,0.0,0.0,0.0,0.0,0.0,0.0,0.125,0.125,0.0078125,0.0,0.0,0.0,0.0,0.0,0.0,0.0,0.0,0,0,12.1,12.05,29.0,26.0,false,false,false,false
255608772,OPEN_LOOP,0.0,124152.0,130351.0,0.0,0.0,0.0,0.0,0.0,0.0,0.125,0.125,0.0078125,0.0,0.0,0.0,0.0,0.0,0.0,0.0,0.0,0,0,12.1,12.05,29.0,26.0,false,false,false,false
268459827,OPEN_LOOP,0.0,124152.0,130351.0,0.0,0.0,0.0,0.0,0.0,0.0,0.125,0.125,0.0078125,0.0,0.0,0.0,0.0,0.0,0.0,0.0,0.0,0,0,12.1,12.05,29.0,26.0,false,false,false,false
273586200,OPEN_LOOP,0.0,124152.0,130351.0,0.0,0.0,0.0,0.0,0.0,0.0,0.125,0.125,0.0078125,0.0,0.0,0.0,0.0,0.0,0.0,0.0,0.0,0,0,12.1,12.05,29.0,26.0,false,false,false,false
286669905,OPEN_LOOP,0.0,124152.0,130351.0,0.0,0.0,0.0,0.0,0.0,0.0,0.125,0.125,0.0078125,0.0,0.0,0.0,0.0,0.0,0.0,0.0,0.0,0,0,12.1,12.05,29.0,26.0,false,false,false,false
291422325,OPEN_LOOP,0.0,124152.0,130351.0,0.0,0.0,0.0,0.0,0.0,0.0,0.125,0.125,0.0078125,0.0,0.0,0.0,0.0,0.0,0.0,0.0,0.0,0,0,12.1,12.05,29.0,26.0,false,false,false,false
296903469,OPEN_LOOP,0.0,124152.0,130351.0,0.0,0.0,0.0,0.0,0.0,0.0,0.125,0.125,0.0078125,0.0,0.0,0.0,0.0,0.0,0.0,0.0,0.0,0,0,12.1,12.05,29.0,26.0,false,false,false,false
311850163,OPEN_LOOP,0.0,124152.0,130351.0,0.0,0.0,0.0,0.0,0.0,0.0,0.125,0.125,0.0078125,0.0,0.0,0.0,0.0,0.0,0.0,0.0,0.0,0,0,12.1,12.05,29.0,26.0,false,false,false,false
316930279,OPEN_LOOP,0.0,124152.0,130351.0,0.0,0.0,0.0,0.0,0.0,0.0,0.125,0.125,0.0078125,0.0,0.0,0.0,0.0,0.0,0.0,0.0,0.0,0,0,12.1,12.05,29.0,26.0,false,false,false,false
332059219,OPEN_LOOP,0.0,124152.0,130351.0,0.0,0.0,0.0,0.0,0.0,0.0,0.125,0.125,0.0078125,0.0,0.0,0.0,0.0,0.0,0.0,0.0,0.0,0,0,12.1,12.05,29.0,26.0,false,false,false,false
337293826,OPEN_LOOP,0.0,124152.0,130351.0,0.0,0.0,0.0,0.0,0.0,0.0,0.125,0.125,0.0078125,0.0,0.0,0.0,0.0,0.0,0.0,0.0,0.0,0,0,12.1,12.05,29.0,26.0,false,false,false,false
352632778,OPEN_LOOP,0.0,124152.0,130351.0,0.0,0.0,0.0,0.0,0.0,0.0,0.125,0.125,0.0078125,0.0,0.0,0.0,0.0,0.0,0.0,0.0,0.0,0,0,12.1,12.05,29.0,26.0,false,false,false,false
361629164,OPEN_LOOP,0.0,124152.0,130351.0,0.0,0.0,0.0,0.0,0.0,0.0,0.125,0.125,0.0078125,0.0,0.0,0.0,0.0,0.0,0.0,0.0,0.0,0,0,12.1,12.05,29.0,26.0,false,false,false,false
372317873,OPEN_LOOP,0.0,124152.0,130351.0,0.0,0.0,0.0,0.0,0.0,0.0,0.125,0.125,0.0078125,0.0,0.0,0.0,0.0,0.0,0.0,0.0,0.0,0,0,12.1,12.05,29.0,26.0,false,false,false,false
380948906,OPEN_LOOP,0.0,124152.0,130351.0,0.0,0.0,0.0,0.0,0.0,0.0,0.125,0.125,0.0078125,0.0,0.0,0.0,0.0,0.0,0.0,0.0,0.0,0,0,12.1,12.05,29.0,26.0,false,false,false,false
391766300,OPEN_LOOP,0.0,124152.0,130351.0,0.0,0.0,0.0,0.0,0.0,0.0,0.125,0.125,0.0078125,0.0,0.0,0.0,0.0,0.0,0.0,0.0,0.0,0,0,12.1,12.05,29.0,26.0,false,false,false,false
400593974,OPEN_LOOP,0.0,124152.0,130351.0,0.0,0.0,0.0,0.0,0.0,0.0,0.125,0.125,0.0078125,0.0,0.0,0.0,0.0,0.0,0.0,0.0,0.0,0,0,12.1,12.05,29.0,26.0,false,false,false,false
411124413,OPEN_LOOP,0.0,124152.0,130351.0,0.0,0.0,0.0,0.0,0.0,0.0,0.125,0.125,0.0078125,0.0,0.0,0.0,0.0,0.0,0.0,0.0,0.0,0,0,12.1,12.05,29.0,26.0,false,false,false,false
416834388,OPEN_LOOP,0.0,124152.0,130351.0,0.0,0.0,0.0,0.0,0.0,0.0,0.125,0.125,0.0078125,0.0,0.0,0.0,0.0,0.0,0.0,0.0,0.0,0,0,12.1,12.05,29.0,26.0,false,false,false,false
430923933,OPEN_LOOP,0.0,124152.0,130351.0,0.0,0.0,0.0,0.0,0.0,0.0,0.125,0.125,0.0078125,0.0,0.0,0.0,0.0,0.0,0.0,0.0,0.0,0,0,12.1,12.05,29.0,26.0,false,false,false,false
435838326,OPEN_LOOP,0.0,124152.0,130351.0,0.0,0.0,0.0,0.0,0.0,0.0,0.125,0.125,0.0078125,0.0,0.0,0.0,0.0,0.0,0.0,0.0,0.0,0,0,12.1,12.05,29.0,26.0,false,false,false,false
450820281,OPEN_LOOP,0.0,124152.0,130351.0,0.0,0.0,0.0,0.0,0.0,0.0,0.125,0.125,0.0078125,0.0,0.0,0.0,0.0,0.0,0.0,0.0,0.0,0,0,12.1,12.05,29.0,26.0,false,false,false,false
457122955,OPEN_LOOP,0.0,124152.0,130351.0,0.0,0.0,0.0,0.0,0.0,0.0,0.125,0.125,0.0078125,0.0,0.0,0.0,0.0,0.0,0.0,0.0,0.0,0,0,12.1,12.05,29.0,26.0,false,false,false,false
469498546,OPEN_LOOP,0.0,124152.0,130351.0,0.0,0.0,0.0,0.0,0.0,0.0,0.125,0.125,0.0078125,0.0,0.0,0.0,0.0,0.0,0.0,0.0,0.0,0,0,12.1,12.05,29.0,26.0,false,false,false,false
474735091,OPEN_LOOP,0.0,124152.0,130351.0,0.0,0.0,0.0,0.0,0.0,0.0,0.125,0.125,0.0078125,0.0,0.0,0.0,0.0,0.0,0.0,0.0,0.0,0,0,12.1,12.05,29.0,26.0,false,false,false,false
488924962,OPEN_LOOP,0.0,124152.0,130351.0,0.0,0.0,0.0,0.0,0.0,0.0,0.125,0.125,0.0078125,0.0,0.0,0.0,0.0,0.0,0.0,0.0,0.0,0,0,12.1,12.05,29.0,26.0,false,false,false,false
494251111,OPEN_LOOP,0.0,124152.0,130351.0,0.0,0.0,0.0,0.0,0.0,0.0,0.125,0.125,0.0078125,0.0,0.0,0.0,0.0,0.0,0.0,0.0,0.0,0,0,12.1,12.05,29.0,26.0,false,false,false,false
524417492,OPEN_LOOP,0.0,124152.0,130351.0,0.0,0.0,0.0,0.0,0.0,0.0,0.125,0.125,0.0078125,0.0,0.0,0.0,0.0,0.0,0.0,0.0,0.0,0,0,12.1,12.05,29.0,26.0,false,false,false,false
529356692,OPEN_LOOP,0.0,124152.0,130351.0,0.0,0.0,0.0,0.0,0.0,0.0,0.125,0.125,0.0078125,0.0,0.0,0.0,0.0,0.0,0.0,0.0,0.0,0,0,12.1,12.05,29.0,26.0,false,false,false,false
534178820,OPEN_LOOP,0.0,124152.0,130351.0,0.0,0.0,0.0,0.0,0.0,0.0,0.125,0.125,0.0078125,0.0,0.0,0.0,0.0,0.0,0.0,0.0,0.0,0,0,12.1,12.05,29.0,26.0,false,false,false,false
547724414,OPEN_LOOP,0.0,124152.0,130351.0,0.0,0.0,0.0,0.0,0.0,0.0,0.125,0.125,0.0078125,0.0,0.0,0.0,0.0,0.0,0.0,0.0,0.0,0,0,12.1,12.05,29.0,26.0,false,false,false,false
553374989,OPEN_LOOP,0.0,124152.0,130351.0,0.0,0.0,0.0,0.0,0.0,0.0,0.125,0.125,0.0078125,0.0,0.0,0.0,0.0,0.0,0.0,0.0,0.0,0,0,12.1,12.05,29.0,26.0,false,false,false,false
559408239,OPEN_LOOP,0.0,124152.0,130351.0,0.0,0.0,0.0,0.0,0.0,0.0,0.125,0.125,0.0078125,0.0,0.0,0.0,0.0,0.0,0.0,0.0,0.0,0,0,12.1,12.05,29.0,26.0,false,false,false,false
568139049,OPEN_LOOP,0.0,124152.0,130351.0,0.0,0.0,0.0,0.0,0.0,0.0,0.125,0.125,0.0078125,0.0,0.0,0.0,0.0,0.0,0.0,0.0,0.0,0,0,12.1,12.05,29.0,26.0,false,false,false,false
579715101,OPEN_LOOP,0.0,124152.0,130351.0,0.0,0.0,0.0,0.0,0.0,0.0,0.125,0.125,0.0078125,0.0,0.0,0.0,0.0,0.0,0.0,0.0,0.0,0,0,12.1,12.05,29.0,26.0,false,false,false,false
591851280,OPEN_LOOP,0.0,124152.0,130351.0,0.0,0.0,0.0,0.0,0.0,0.0,0.125,0.125,0.0078125,0.0,0.0,0.0,0.0,0.0,0.0,0.0,0.0,0,0,12.1,12.05,29.0,26.0,false,false,false,false
596493762,OPEN_LOOP,0.0,124152.0,130351.0,0.0,0.0,0.0,0.0,0.0,0.0,0.125,0.125,0.0078125,0.0,0.0,0.0,0.0,0.0,0.0,0.0,0.0,0,0,12.1,12.05,29.0,26.0,false,false,false,false
611032711,OPEN_LOOP,0.0,124152.0,130351.0,0.0,0.0,0.0,0.0,0.0,0.0,0.125,0.125,0.0078125,0.0,0.0,0.0,0.0,0.0,0.0,0.0,0.0,0,0,12.1,12.05,29.0,26.0,false,false,false,false
620827078,OPEN_LOOP,0.0,124152.0,130351.0,0.0,0.0,0.0,0.0,0.0,0.0,0.125,0.125,0.0078125,0.0,0.0,0.0,0.0,0.0,0.0,0.0,0.0,0,0,12.1,12.05,29.0,26.0,false,false,false,false
629343085,OPEN_LOOP,0.0,124152.0,130351.0,0.0,0.0,0.0,0.0,0.0,0.0,0.125,0.125,0.0078125,0.0,0.0,0.0,0.0,0.0,0.0,0.0,0.0,0,0,12.1,12.05,29.0,26.0,false,false,false,false
633903976,OPEN_LOOP,0.0,124152.0,130351.0,0.0,0.0,0.0,0.0,0.0,0.0,0.125,0.125,0.0078125,0.0,0.0,0.0,0.0,0.0,0.0,0.0,0.0,0,0,12.1,12.05,29.0,26.0,false,false,false,false
646949428,OPEN_LOOP,0.0,124152.0,130351.0,0.0,0.0,0.0,0.0,0.0,0.0,0.125,0.125,0.0078125,0.0,0.0,0.0,0.0,0.0,0.0,0.0,0.0,0,0,12.1,12.05,29.0,26.0,false,false,false,false
653787736,OPEN_LOOP,0.0,124152.0,130351.0,0.0,0.0,0.0,0.0,0.0,0.0,0.125,0.125,0.0078125,0.0,0.0,0.0,0.0,0.0,0.0,0.0,0.0,0,0,12.1,12.05,29.0,26.0,false,false,false,false
680215724,OPEN_LOOP,0.0,124152.0,130351.0,0.0,0.0,0.0,0.0,0.0,0.0,0.125,0.125,0.0078125,0.0,0.0,0.0,0.0,0.0,0.0,0.0,0.0,0,0,12.1,12.05,29.0,26.0,false,false,false,false
684715007,OPEN_LOOP,0.0,124152.0,130351.0,0.0,0.0,0.0,0.0,0.0,0.0,0.125,0.125,0.0078125,0.0,0.0,0.0,0.0,0.0,0.0,0.0,0.0,0,0,12.1,12.05,29.0,26.0,false,false,false,false
688893011,OPEN_LOOP,0.0,124152.0,130351.0,0.0,0.0,0.0,0.0,0.0,0.0,0.125,0.125,0.0078125,0.0,0.0,0.0,0.0,0.0,0.0,0.0,0.0,0,0,12.1,12.05,29.0,26.0,false,false,false,false
694039388,OPEN_LOOP,0.0,124152.0,130351.0,0.0,0.0,0.0,0.0,0.0,0.0,0.125,0.125,0.0078125,0.0,0.0,0.0,0.0,0.0,0.0,0.0,0.0,0,0,12.1,12.05,29.0,26.0,false,false,false,false
706531454,OPEN_LOOP,0.0,124152.0,130351.0,0.0,0.0,0.0,0.0,0.0,0.0,0.125,0.125,0.0078125,0.0,0.0,0.0,0.0,0.0,0.0,0.0,0.0,0,0,12.1,12.05,29.0,26.0,false,false,false,false
722598273,OPEN_LOOP,0.0,124152.0,130351.0,0.0,0.0,0.0,0.0,0.0,0.0,0.125,0.125,0.0078125,0.0,0.0,0.0,0.0,0.0,0.0,0.0,0.0,0,0,12.1,12.05,29.0,26.0,false,false,false,false
746546463,OPEN_LOOP,0.0,124152.0,130351.0,0.0,0.0,0.0,0.0,0.0,0.0,0.125,0.125,0.0078125,0.0,0.0,0.0,0.0,0.0,0.0,0.0,0.0,0,0,12.1,12.05,29.0,26.0,false,false,false,false
842204666,PATH_FOLLOWING,0.0,124152.0,130351.0,0.0,0.0,0.0,0.0,0.0,0.0,0.125,0.125,0.0,0.0,124152.05553993564,0.10589766135556963,0.10417025805143179,130351.05553993564,0.10589766135556963,0.009779248715032371,0.0,0,1,12.1,12.05,29.0,26.0,false,false,false,false
860516982,PATH_FOLLOWING,0.0,124152.0,130351.0,0.0,0.0,0.0,0.0,0.0,0.0,0.125,0.125,0.0,0.0,124153.58478588724,0.8413655903418537,0.3663744644978776,130352.58478588724,0.8413655903418537,0.034394337483474216,0.0,3,4,12.1,12.05,29.0,26.0,false,false,false,false
872346264,PATH_FOLLOWING,0.0,124152.0,130351.0,0.0,0.0,0.0,0.0,0.0,0.0,0.125,0.125,0.0,0.0,124155.92056024898,1.6247576611492722,0.5274260585962723,130354.92056024898,1.6247576611492722,0.049513466725364344,0.0,4,5,12.1,12.05,29.0,26.0,false,false,false,false
884840934,PATH_FOLLOWING,0.0,124152.0,130351.0,0.0,0.0,0.0,0.0,0.0,0.0,0.125,0.125,0.0,0.0,124157.32452192815,2.030209082243449,0.5968047942548694,130356.32452192815,2.030209082243449,0.056026572521885684,0.0,5,6,12.1,12.05,29.0,26.0,false,false,false,false
902164443,PATH_FOLLOWING,0.0,124152.0,130351.0,0.0,0.0,0.0,0.0,0.0,0.0,0.125,0.125,0.0,0.0,124163.50550975892,3.5181697198725055,0.8030088721183042,130362.50550975892,3.5181697198725055,0.07538450636212651,0.0,7,8,12.1,12.05,29.0,26.0,false,false,false,false
908724063,PATH_FOLLOWING,0.0,124152.0,130351.0,0.0,0.0,0.0,0.0,0.0,0.0,0.125,0.125,0.0,0.0,124167.93243939262,4.425649198938775,0.9072107458430616,130366.93243939262,4.425649198938775,0.08516672307914454,0.0,8,9,12.1,12.05,29.0,26.0,false,false,false,false
928346440,PATH_FOLLOWING,0.0,124152.0,130351.0,0.0,0.0,0.0,0.0,0.0,0.0,0.25,0.125,0.0,0.0,124171.11520589284,5.030374833981685,0.9708660758475784,130370.11520589284,5.030374833981685,0.0911425295693645,0.0,8,9,12.1,12.05,29.0,26.0,false,false,false,false
939811840,PATH_FOLLOWING,0.0,124152.0,130351.0,0.0,0.0,0.0,0.0,0.0,0.0,0.25,0.125,0.0,0.0,124187.19119289068,7.697870861352724,1.2137669501233415,130386.19119289068,7.697870861352724,0.11394546878708917,0.0,11,12,12.1,12.05,29.0,26.0,false,false,false,false
946152889,PATH_FOLLOWING,0.0,124152.0,130351.0,0.0,0.0,0.0,0.0,0.0,0.0,0.25,0.125,0.0,0.0,124193.91853055745,8.693039155255127,1.2933804136365525,130392.91853055745,8.693039155255127,0.12141938576996206,0.0,11,12,12.1,12.05,29.0,26.0,false,false,false,false
951805915,PATH_FOLLOWING,0.0,124152.0,130351.0,0.0,0.0,0.012707722385141739,-0.010752688172043012,0.15376344086021504,-0.1295698924731183,0.25,0.125,0.0,0.0,124199.84424527489,9.51685703124792,1.3550519460831392,130398.84424527489,9.51685703124792,0.12720895820372327,0.0,12,13,12.1,12.05,29.0,26.0,false,false,false,false
968255555,PATH_FOLLOWING,0.0,124152.0,130351.0,0.0,0.0,0.01466275659824047,-0.013685239491691105,0.1774193548387097,-0.16490713587487782,0.25,0.125,0.0,0.0,124217.28214174169,11.801104824884849,1.5132004348828336,130416.28214174169,11.801104824884849,0.14205555102981704,0.0,14,15,12.1,12.05,29.0,26.0,false,false,false,false
973594850,PATH_FOLLOWING,0.0,124152.0,130351.0,0.0,0.0,0.019550342130987292,-0.013685239491691105,0.23655913978494622,-0.16490713587487782,0.125,0.125,0.0,0.0,124225.77511790581,12.800278491251564,1.5465062237617033,130424.77511790581,12.800278491251564,0.14518221692456806,0.0,14,15,12.1,12.05,29.0,26.0,false,false,false,false
987251360,PATH_FOLLOWING,0.0,124152.0,130351.0,0.0,0.0,0.021505376344086023,-0.021505376344086023,0.2602150537634409,-0.2591397849462366,0.125,0.125,0.0,0.0,124242.65864693726,14.628168853529138,1.5625538707587052,130441.65864693726,14.628168853529138,0.14668873072428656,0.0,15,16,12.1,12.05,29.0,26.0,false,false,false,false
1003951874,PATH_FOLLOWING,0.0,124152.0,130351.0,0.0,0.0,0.026392961876832845,-0.026392961876832845,0.3193548387096774,-0.3180351906158358,0.125,0.125,0.0,0.0,124256.47710490634,15.964792747608168,1.5625538707624926,130455.47710490634,15.964792747608168,0.14668873072464217,0.0,16,17,12.1,12.05,29.0,26.0,false,false,false,false
1015824327,PATH_FOLLOWING,0.0,124152.0,130351.0,0.0,0.0,0.030303030303030304,-0.030303030303030304,0.36666666666666664,-0.36515151515151517,0.125,0.125,0.0,0.0,124297.1808483691,19.416820197564462,1.5625538707699036,130496.1808483691,19.416820197564462,0.1466887307253379,0.0,18,19,12.1,12.05,29.0,26.0,false,false,false,false
1030573023,PATH_FOLLOWING,0.0,124152.0,130351.0,0.0,0.0,0.04105571847507331,-0.030303030303030304,0.49677419354838703,-0.36515151515151517,0.125,0.125,0.0,0.0,124323.73004251,21.37143774141236,1.5625538707698927,130522.73004251,21.37143774141236,0.14668873072533684,0.0,20,21,12.05,12.05,29.0,26.0,false,false,false,false
1042953183,PATH_FOLLOWING,0.0,124152.0,130351.0,0.0,0.0,0.04887585532746823,-0.047898338220918865,0.5889540566959922,-0.5771749755620723,0.125,0.125,0.0,0.0,124345.04011579206,22.829222687657946,1.562553870769936,130544.04011579206,22.829222687657946,0.14668873072534092,0.0,21,22,12.05,12.05,29.0,26.0,false,false,false,false
1053202221,PATH_FOLLOWING,0.0,124152.0,130351.0,0.0,0.0,0.053763440860215055,-0.053763440860215055,0.6478494623655915,-0.6478494623655915,0.125,0.125,0.0,0.0,124383.36287662091,25.23607863542417,1.562553870769914,130582.36287662091,25.23607863542417,0.14668873072533886,0.0,22,23,12.05,12.05,29.0,26.0,false,false,false,false
1068300397,PATH_FOLLOWING,0.0,124152.0,130351.0,0.0,0.0,0.06451612903225806,-0.06451612903225806,0.7774193548387097,-0.7774193548387097,0.125,0.125,0.0,0.0,124421.72195987392,27.453038505063407,1.562553870769901,130620.72195987392,27.453038505063407,0.14668873072533767,0.0,24,25,12.05,12.05,29.0,26.0,false,false,false,false
1074979054,PATH_FOLLOWING,0.0,124152.0,130351.0,0.0,0.0,0.07429130009775171,-0.06451612903225806,0.8952101661779082,-0.7774193548387097,0.375,0.125,0.0,0.0,124443.6985669167,28.640963210079228,1.5625538707699342,130642.6985669167,28.640963210079228,0.14668873072534075,0.0,24,25,12.05,12.05,29.0,26.0,false,false,false,false
1090636666,PATH_FOLLOWING,0.0,124152.0,130351.0,0.0,0.0,0.0801564027370479,-0.07429130009775171,0.9658846529814272,-0.8952101661779082,0.375,0.125,0.0,0.0,124483.87773588796,30.703123680369593,1.5625538708003928,130682.87773588796,30.703123680369593,0.14668873072820013,0.0,26,27,12.05,12.05,29.0,26.0,false,false,false,false
1096474285,PATH_FOLLOWING,0.0,124152.0,130351.0,0.0,0.0,0.0801564027370479,-0.0801564027370479,1.1779081133919844,-1.0954545454545455,0.375,0.125,0.0,0.0,124510.49741995923,32.001644854713916,1.562553870938882,130709.49741995923,32.001644854713916,0.14668873074120117,0.0,26,27,12.05,12.05,29.0,26.0,false,false,false,false
1113980558,PATH_FOLLOWING,0.0,124154.0,130351.0,0.0,0.0,0.09775171065493646,-0.09775171065493646,1.1779081133919844,-1.1779081133919844,0.5,0.125,0.0,0.0,124569.30702904826,34.687581830374796,1.56255387077862,130768.30702904826,34.687581830374796,0.14668873072615612,0.0,28,29,12.05,12.05,29.0,26.0,false,false,false,false
1127402582,PATH_FOLLOWING,0.0,124154.0,130351.0,0.0,0.0,0.11339198435972629,-0.11339198435972629,1.366373411534702,-1.366373411534702,0.5,0.125,0.0,0.0,124613.10900690443,36.571490686473055,1.562553870778529,130812.10900690443,36.571490686473055,0.14668873072614758,0.0,29,30,12.05,12.05,29.0,26.0,false,false,false,false
1135361966,PATH_FOLLOWING,0.0,124159.0,130352.0,0.0,0.0,0.1241446725317693,-0.11339198435972629,1.4959433040078203,-1.366373411534702,0.5,0.25,0.0,0.0,124650.29565739297,38.095375411589934,1.5625538707785807,130849.29565739297,38.095375411589934,0.14668873072615243,0.0,30,31,12.05,12.05,29.0,26.0,false,false,false,false
1150454945,PATH_FOLLOWING,0.0,124159.0,130352.0,0.0,0.0,0.13294232649071358,-0.12512218963831867,1.6019550342130988,-1.50772238514174,0.5,0.25,0.0,0.0,124708.21137183586,40.35396624776532,1.5625538707786157,130907.21137183586,40.35396624776532,0.14668873072615576,0.0,32,33,12.05,12.05,29.0,26.0,false,false,false,false
1158203762,PATH_FOLLOWING,0.0,124180.0,130362.0,2.0,1.0,0.15053763440860216,-0.1495601173020528,1.8139784946236561,-1.8021994134897363,0.5,0.25,0.0,0.0,124737.6600191419,41.46314292536203,1.56255387077852,130936.6600191419,41.46314292536203,0.14668873072614674,0.0,33,34,12.05,12.05,29.0,26.0,false,false,false,false
1173343302,PATH_FOLLOWING,0.0,124180.0,130362.0,5.0,1.0,0.15053763440860216,-0.1544477028347996,1.8139784946236561,-1.8610948191593355,0.625,0.25,0.0,0.0,124805.30326687418,40.58919860766012,-1.8577279222333811,131010.7675696341,47.05350136758928,0.4324539643551134,0.0,34,35,12.05,12.05,29.0,26.0,false,false,false,false
1187557515,PATH_FOLLOWING,0.0,124209.0,130385.0,5.0,3.0,0.16715542521994134,-0.17497556207233628,2.014222873900293,-2.1084555229716524,0.625,0.25,0.0,0.0,124850.84203137999,34.67830932786829,-4.923837173641106,131081.6016356854,57.29384789396736,0.8024311021319117,-0.09948106593837175,35,36,12.05,12.05,29.0,26.0,false,false,false,false
1196002914,PATH_FOLLOWING,0.0,124252.0,130422.0,10.0,7.0,0.1681329423264907,-0.17497556207233628,2.0792766373411533,-2.2969208211143695,0.875,0.375,0.0,0.0,124880.57186035831,35.25574447011819,-0.22752123229577847,131131.68323310374,59.372722863771884,0.32641389618081323,-0.33926382776806074,36,37,11.95,12.05,29.0,26.0,false,false,false,false
1211125926,PATH_FOLLOWING,0.009999999776482582,124252.0,130422.0,10.0,7.0,0.1739980449657869,-0.1906158357771261,2.0792766373411533,-2.2969208211143695,0.875,0.375,0.0,0.0,124943.17195684847,37.15434676079099,1.1145162210169732,131237.4073701096,62.79176668522283,0.1887485650144535,-0.8460723137972307,38,39,11.95,12.05,29.0,26.0,false,false,false,false
1223681314,PATH_FOLLOWING,0.0,124305.0,130471.0,15.0,12.0,0.1739980449657869,-0.2287390029325513,2.0792766373411533,-2.7563049853372434,0.875,0.375,0.0,0.0,124971.64078288621,37.98538828680978,1.1116430270381685,131285.60444346358,64.297606907744,0.1890182649574421,-1.1132558057887574,39,40,11.95,12.05,29.0,26.0,false,false,false,false
1232538139,PATH_FOLLOWING,0.0,124305.0,130471.0,15.0,12.0,0.1652003910068426,-0.2316715542521994,1.974144672531769,-2.791642228739003,0.875,0.5,0.0,0.0,125026.0993134921,39.518240770436755,1.1063752250507133,131378.02715347378,67.09197058899738,0.18951277829754198,-1.3897300259578431,40,41,11.95,12.05,29.0,26.0,false,false,false,false
1247620849,PATH_FOLLOWING,0.009999999776482582,124368.0,130538.0,20.0,18.0,0.176930596285435,-0.2590420332355816,2.114320625610948,-3.1214565004887587,0.875,0.5,0.0,0.0,125084.45209145719,41.095114437382385,1.101040740729939,131477.34371024693,69.98648887801035,0.19001329486165483,-1.9708587277325074,42,43,11.95,12.05,29.0,26.0,false,false,false,false
1254648949,PATH_FOLLOWING,0.0,124440.0,130626.0,26.0,26.0,0.17008797653958943,-0.2590420332355816,2.0325513196480935,-3.0826001955034212,0.875,0.875,0.0,0.0,125115.38368376461,41.900696293997456,1.0983824234273263,131530.13230988305,71.47460624335551,0.19026301824108913,-1.9708587277325074,42,43,11.95,11.9,29.0,26.0,false,false,false,false
1269801839,PATH_FOLLOWING,0.009999999776482582,124440.0,130626.0,26.0,26.0,0.17790811339198437,-0.27370478983382207,2.126001955034213,-3.2570869990224827,0.875,0.875,0.0,0.0,125182.38256724791,43.592829960043666,1.0929743006236114,131644.74781392363,74.6167831249282,0.19077045769869883,-2.5900580774209585,44,45,11.95,11.9,29.0,26.0,false,false,false,false
1278846902,PATH_FOLLOWING,0.009999999776482582,124518.0,130735.0,30.0,35.0,0.15933528836754643,-0.3010752688172043,1.9040566959921796,-3.5827956989247314,0.875,1.0,0.0,0.0,125210.40594776922,44.282350952436005,1.0908448821626289,131692.78612248978,75.90288445037841,0.19097033884660805,-2.5900580774209585,44,45,11.95,11.9,29.0,26.0,false,false,false,false
1291757177,PATH_FOLLOWING,0.009999999776482582,124518.0,130735.0,30.0,35.0,0.15933528836754643,-0.3010752688172043,1.9040566959921796,-3.5827956989247314,0.625,1.0,0.0,0.0,125281.86945564109,45.979743735172406,1.0859417565060563,131815.6484259431,79.08728881683017,0.19143051839580838,-3.2478900574665714,46,47,11.95,11.9,29.0,26.0,false,false,false,false
1305031109,PATH_FOLLOWING,0.009999999776482582,124602.0,130868.0,35.0,44.0,0.1710654936461388,-0.3235581622678397,2.0442326490713585,-3.850342130987292,0.625,1.125,0.0,0.0,125327.62146308082,47.03300326374426,1.0831355799395217,131894.51576888995,81.0730311549073,0.191693918117896,-3.5914542823811657,47,48,11.95,11.9,29.0,26.0,false,false,false,false
1313413626,PATH_FOLLOWING,0.009999999776482582,124602.0,130868.0,38.0,44.0,0.15835777126099707,-0.3235581622678397,1.892375366568915,-3.850342130987292,0.625,1.125,0.0,0.0,125383.11544805382,48.277182130586326,1.080111732181429,131990.39740178885,83.4279299328344,0.19197765216328638,-3.944861233698243,48,49,11.95,11.9,29.0,26.0,false,false,false,false
1329067239,PATH_FOLLOWING,0.009999999776482582,124686.0,131020.0,38.0,54.0,0.16911045943304007,-0.34310850439882695,2.0208699902248286,-4.082991202346041,0.625,1.125,0.0,0.0,125454.9873107417,49.8401592600118,1.0768292267513315,132114.9155718004,86.3983871889822,0.19228568154594766,-4.68140267255325,50,51,11.95,11.9,29.0,26.0,false,false,false,false
1334468484,PATH_FOLLOWING,0.009999999776482582,124771.0,131020.0,40.0,65.0,0.16911045943304007,-0.34310850439882695,2.0208699902248286,-4.082991202346041,0.5,1.375,0.0,0.0,125491.0698455076,50.6036108075618,1.0754969230986116,132177.58466443085,87.8540648073243,0.19241076776636123,-4.68140267255325,50,51,11.95,11.9,29.0,26.0,false,false,false,false
1350104655,PATH_FOLLOWING,0.009999999776482582,124771.0,131191.0,40.0,65.0,0.1681329423264907,-0.34408602150537637,2.0091886608015637,-4.094623655913979,0.5,1.375,0.0,0.0,125566.52202144585,52.1634652421521,1.0733466444531539,132308.9158275225,90.83455889829692,0.1926123623400776,-5.457847533391891,52,53,11.95,11.9,29.0,26.0,false,false,false,false
1357526493,PATH_FOLLOWING,0.009999999776482582,124858.0,131377.0,41.0,75.0,0.14565004887585534,-0.3587487781036168,1.725953079178886,-4.2691104594330405,0.5,1.375,0.0,0.0,125601.47085131644,52.87125211628637,1.0726283792607496,132369.8643241827,92.18907099098956,0.19267982761472663,-5.457847533391891,52,53,11.850000000000001,11.9,29.0,26.0,false,false,false,false
1372319866,PATH_FOLLOWING,0.009999999776482582,124858.0,131377.0,41.0,75.0,0.14565004887585534,-0.3587487781036168,1.725953079178886,-4.455229716520039,0.5,1.375,0.0,0.0,125690.18297572929,54.62120035269435,1.0718321438839455,132524.95894231624,95.54106907110645,0.19275438008381898,-6.274406310730958,54,55,11.850000000000001,11.9,29.0,26.0,false,false,false,false
1385044528,PATH_FOLLOWING,0.009999999776482582,124944.0,131575.0,42.0,84.0,0.1603128054740958,-0.375366568914956,1.8997067448680354,-4.4668621700879765,0.5,1.375,0.0,0.0,125738.90511440104,55.56014613066287,1.071947141706544,132610.32762691277,97.33940096097328,0.1927435081978672,-6.6977540741927575,55,56,11.850000000000001,11.9,29.0,26.0,false,false,false,false
1393392865,PATH_FOLLOWING,0.009999999776482582,124944.0,131575.0,42.0,84.0,0.1466275659824047,-0.375366568914956,1.7375366568914958,-4.4668621700879765,0.5,1.25,0.0,0.0,125808.81634088495,56.881674387537075,1.0728413123954261,132733.04595828042,99.86780171108917,0.19265940472408,-7.131139915455083,56,57,11.850000000000001,11.9,29.0,26.0,false,false,false,false
1408155211,PATH_FOLLOWING,0.009999999776482582,125030.0,131787.0,42.0,91.0,0.1603128054740958,-0.38807429130009774,1.8997067448680354,-4.618084066471163,0.5,1.25,0.0,0.0,125884.96304613301,58.29116814981052,1.074772694541721,132866.9710934097,102.55808956046282,0.19247805781081034,-7.5745433404758336,57,58,11.850000000000001,11.9,29.0,26.0,false,false,false,false
1417923107,PATH_FOLLOWING,0.009999999776482582,125113.0,132015.0,42.0,99.0,0.1436950146627566,-0.38807429130009774,1.702785923753666,-4.42492668621701,0.5,1.25,0.0,0.0,125944.19414494181,59.365755601769905,1.0770690001679208,132971.33553275693,104.6013668966439,0.19226225510638892,-8.027930815320046,58,59,11.850000000000001,11.850000000000001,29.0,26.0,false,false,false,false
1432380626,PATH_FOLLOWING,0.009999999776482582,125113.0,132015.0,42.0,99.0,0.1436950146627566,-0.3734115347018573,1.702785923753666,-4.42492668621701,0.5,1.25,0.0,0.0,126040.9730296612,61.08610275440195,1.0823423158056138,133142.15966076386,107.85216864372993,0.19176715143480236,-8.964452688090288,60,61,11.850000000000001,11.850000000000001,29.0,26.0,false,false,false,false
1443018785,PATH_FOLLOWING,0.009999999776482582,125196.0,132262.0,42.0,107.0,0.15835777126099707,-0.40078201368523947,1.8765395894428154,-4.749266862170089,0.5,1.125,0.0,0.0,126075.21264344624,61.68736212700847,1.084561757261286,133202.65627025362,108.98271513763562,0.19155875931505129,-9.447445994717507,61,62,11.850000000000001,11.850000000000001,29.0,26.0,false,false,false,false
1454113928,PATH_FOLLOWING,0.009999999776482582,125275.0,132262.0,41.0,107.0,0.14173998044965788,-0.3597262952101662,1.679618768328446,-4.26275659824047,0.5,1.0,0.0,0.0,126178.07502278766,63.464767522947206,1.0928098071866728,133384.61833722566,112.2954940227267,0.19078425128340917,-9.94013919321951,62,63,11.850000000000001,11.850000000000001,29.0,26.0,false,false,false,false
1468245978,PATH_FOLLOWING,0.009999999776482582,125275.0,132524.0,41.0,114.0,0.16324535679374388,-0.41055718475073316,1.9344574780058652,-4.865102639296189,0.5,1.0,0.0,0.0,126264.55618601237,64.93492789658796,1.101286016513992,133537.7592461717,115.00244504362615,0.18998841647207376,-10.954152638611996,64,65,11.850000000000001,11.850000000000001,29.0,26.0,false,false,false,false
1474759221,PATH_FOLLOWING,0.009999999776482582,125354.0,132803.0,41.0,122.0,0.15542521994134897,-0.41055718475073316,1.8417888563049856,-4.865102639296189,0.5,1.0,0.0,0.0,126311.52237159752,65.72400728427316,1.1065765174580031,133620.9740055153,116.4386651950643,0.18949169670310603,-10.954152638611996,64,65,11.850000000000001,11.850000000000001,29.0,26.0,false,false,false,false
1488807609,PATH_FOLLOWING,0.009999999776482582,125354.0,132803.0,41.0,122.0,0.16715542521994134,-0.3939393939393939,1.9807917888563051,-4.668181818181819,0.5,1.0,0.0,0.0,126400.29218912366,67.20283206024209,1.1176674111419955,133778.2905788297,119.10067930929333,0.18845049455503662,-12.005353608015701,66,67,11.850000000000001,11.850000000000001,29.0,26.0,false,false,false,false
1495523124,PATH_FOLLOWING,0.019999999552965164,125436.0,133097.0,40.0,131.0,0.15933528836754643,-0.41544477028348,1.8881231671554255,-4.923020527859238,0.5,1.0,0.0,0.0,126452.5721021523,68.06604516837871,1.1249396235944884,133870.946281114,120.6330786512654,0.18776767177925474,-12.005353608015701,66,67,11.850000000000001,11.850000000000001,29.0,26.0,false,false,false,false
1511683422,PATH_FOLLOWING,0.009999999776482582,125436.0,133097.0,40.0,131.0,0.15249266862170088,-0.39589442815249265,1.8070381231671557,-4.691348973607038,0.5,1.0,0.0,0.0,126564.33779920072,69.89571229348141,1.1423328719080792,134068.96146408332,123.82168482717526,0.18613476883504257,-13.092272706456896,68,69,11.9,11.850000000000001,29.0,26.0,false,false,false,false
1522926976,PATH_FOLLOWING,0.009999999776482582,125519.0,133390.0,40.0,137.0,0.17008797653958943,-0.40762463343108507,2.0240469208211143,-4.830351906158358,0.5,0.875,0.0,0.0,126608.7533844455,70.61862336258196,1.1498094179732639,134147.61527612826,125.06207405958023,0.18543287101783143,-13.648570960254425,69,70,11.9,11.850000000000001,29.0,26.0,false,false,false,false
1535617102,PATH_FOLLOWING,0.009999999776482582,125600.0,133674.0,40.0,141.0,0.1544477028347996,-0.3597262952101662,1.90772238514174,-4.26275659824047,0.5,0.75,0.0,0.0,126732.88741955868,72.62625965394642,1.1728474881940458,134367.20045018254,128.42621378628002,0.1832700537455343,-14.213085842203038,70,71,11.9,11.850000000000001,29.0,26.0,false,false,false,false
1552324189,PATH_FOLLOWING,0.009999999776482582,125600.0,133674.0,40.0,141.0,0.1603128054740958,-0.3597262952101662,1.90772238514174,-4.992521994134898,0.5,0.75,0.0,0.0,126862.09774828337,74.70333211375154,1.1997565016896674,134595.25679242035,131.78405038347137,0.18074389543304215,-15.365594524265736,72,73,11.9,11.850000000000001,29.0,26.0,false,false,false,false
1562882044,PATH_FOLLOWING,0.009999999776482582,125682.0,133951.0,40.0,142.0,0.18181818181818182,-0.41935483870967744,2.1636363636363636,-4.969354838709679,0.5,0.75,0.0,0.0,126902.21713214093,75.34676387149572,1.208596242410529,134665.956304725,132.80209257062455,0.17991405376695452,-15.952941900810593,73,74,11.9,11.850000000000001,29.0,26.0,false,false,false,false
1574358179,PATH_FOLLOWING,0.009999999776482582,125765.0,133951.0,41.0,144.0,0.16617790811339198,-0.37438905180840665,1.9775171065493646,-4.43651026392962,0.5,0.75,0.0,0.0,127030.5063187329,77.40064143308261,1.238821925159987,134891.45024545904,135.95369956793124,0.17707656250284048,-16.547212728209395,74,75,11.9,11.850000000000001,29.0,26.0,false,false,false,false
1588726019,PATH_FOLLOWING,0.009999999776482582,125765.0,134243.0,41.0,144.0,0.19257086999022482,-0.37438905180840665,2.2915933528836754,-4.43651026392962,0.5,0.75,0.0,0.0,127140.83881061058,79.16601927080183,1.2666894433000837,135084.66443630133,138.55851901352693,0.17446050456338416,-17.75496179025252,76,77,11.9,11.850000000000001,29.0,26.0,false,false,false,false
1598588678,PATH_FOLLOWING,0.009999999776482582,125850.0,134543.0,41.0,144.0,0.1798631476050831,-0.4252199413489736,2.140371456500489,-5.038856304985338,0.625,0.75,0.0,0.0,127194.10780642844,80.01867811302105,1.2807329730712294,135177.6729884176,139.78070637927763,0.1731421890139288,-17.75496179025252,76,77,11.9,11.850000000000001,29.0,26.0,false,false,false,false
1611772934,PATH_FOLLOWING,0.009999999776482582,125850.0,134543.0,41.0,144.0,0.1798631476050831,-0.4252199413489736,2.140371456500489,-5.328445747800587,0.625,0.75,0.0,0.0,127333.00602288524,82.24522093730826,1.3189821920245723,135419.2031325855,142.85886165737085,0.1695515890112302,-18.985474636963996,78,79,11.9,11.850000000000001,29.0,26.0,false,false,false,false
1624689234,PATH_FOLLOWING,0.009999999776482582,125943.0,134857.0,42.0,146.0,0.20332355816226783,-0.447702834799609,2.419550342130987,-5.305278592375367,0.625,0.875,0.0,0.0,127401.0375171893,83.338004895858,1.3384375027678506,135536.9744502532,144.31392756556244,0.16772524918572976,-19.608112412519965,79,80,11.9,11.850000000000001,29.0,26.0,false,false,false,false
1633681893,PATH_FOLLOWING,0.009999999776482582,126038.0,134857.0,43.0,146.0,0.1906158357771261,-0.4056695992179863,2.268328445747801,-4.807184750733138,0.625,1.0,0.0,0.0,127516.3943130215,85.19544184948717,1.372397373279588,135735.77013746687,146.70069670910053,0.16453733459552758,-20.23501029276679,80,81,11.9,11.850000000000001,29.0,26.0,false,false,false,false
1650083796,PATH_FOLLOWING,0.009999999776482582,126038.0,135186.0,43.0,151.0,0.21407624633431085,-0.46236559139784944,2.5475073313782994,-5.4790322580645165,0.625,1.0,0.0,0.0,127643.69958282288,87.25275519265124,1.4110217706866406,135953.7537677768,149.22193353466378,0.1609116246558972,-21.49947919837253,82,83,11.9,11.850000000000001,29.0,26.0,false,false,false,false
1657698261,PATH_FOLLOWING,0.009999999776482582,126139.0,135508.0,45.0,155.0,0.20234604105571846,-0.46236559139784944,2.4079178885630497,-5.305278592375367,0.625,1.125,0.0,0.0,127712.48013339733,88.36773577082523,1.4322865342497224,136070.89289167488,150.53726759368456,0.1589154398109552,-21.49947919837253,82,83,11.9,11.850000000000001,29.0,26.0,false,false,false,false
1672381867,PATH_FOLLOWING,0.009999999776482582,126139.0,135508.0,45.0,155.0,0.20234604105571846,-0.447702834799609,2.4079178885630497,-5.305278592375367,0.875,1.125,0.0,0.0,127855.53324400492,90.69606609077395,1.4772184847096639,136312.77947654529,153.1566175254788,0.15469765336101982,-22.774479277659776,84,85,11.9,11.850000000000001,29.0,26.0,false,false,false,false
1682955751,PATH_FOLLOWING,0.009999999776482582,126246.0,135828.0,48.0,158.0,0.22580645161290322,-0.47116324535679377,2.6758064516129036,-5.5832844574780065,0.875,1.0,0.0,0.0,127919.13885497113,91.73461222156702,1.497366003059312,136419.6875407826,154.2813469542776,0.15280640345980762,-23.41447856894834,85,86,11.850000000000001,11.850000000000001,29.0,26.0,false,false,false,false
1694467444,PATH_FOLLOWING,0.009999999776482582,126358.0,135828.0,50.0,160.0,0.20918866080156404,-0.42424242424242425,2.4788856304985343,-5.027272727272728,0.875,1.0,0.0,0.0,128053.39828600749,93.93452156930415,1.5400987321452584,136643.74851469908,156.56279093672612,0.14879505656013808,-24.0553420592086,86,87,11.850000000000001,11.850000000000001,29.0,26.0,false,false,false,false
1709962048,PATH_FOLLOWING,0.009999999776482582,126358.0,136149.0,50.0,160.0,0.23655913978494625,-0.42424242424242425,2.8032258064516133,-5.027272727272728,0.875,1.0,0.0,0.0,128200.81021944439,96.36028786720645,1.5869885099243006,136887.38055991085,158.9408347037603,0.1443935303026144,-25.33718749856061,88,89,11.850000000000001,11.850000000000001,29.0,26.0,false,false,false,false
1720247735,PATH_FOLLOWING,0.009999999776482582,126475.0,136486.0,53.0,162.0,0.2179863147605083,-0.4809384164222874,2.583137829912024,-5.6991202346041065,0.875,1.0,0.0,0.0,128280.66848738943,97.6784288674533,1.6122702606787693,137018.33324954574,160.17754612904622,0.1420203611647196,-25.976910899556,89,90,11.850000000000001,11.850000000000001,29.0,26.0,false,false,false,false
1733303291,PATH_FOLLOWING,0.009999999776482582,126601.0,136486.0,56.0,162.0,0.2179863147605083,-0.436950146627566,2.583137829912024,-5.177859237536658,0.875,1.0,0.0,0.0,128444.59900023659,100.39323401670899,1.6634987089478086,137284.3451452796,162.58738804136073,0.1372115817010854,-26.614985537623394,90,91,11.850000000000001,11.8,29.0,26.0,false,false,false,false
1751591183,PATH_FOLLOWING,0.009999999776482582,126732.0,137222.0,59.0,171.0,0.25317693059628543,-0.5102639296187683,3.0001466275659827,-6.021114369501467,0.875,1.25,0.0,0.0,128584.19421174278,102.71122269307428,1.7063197084442714,137508.43170054432,164.53515080039196,0.1331920311183598,-27.883621903194076,92,93,11.850000000000001,11.8,29.0,26.0,false,false,false,false
1784441433,PATH_FOLLOWING,0.009999999776482582,126871.0,137591.0,62.0,176.0,0.24437927663734116,-0.4887585532746823,2.895894428152493,-5.767350928641251,0.875,1.375,0.0,0.0,128893.55098609687,107.86205642337166,1.7971042992644617,137995.70180451573,168.49058572473052,0.1246702248229936,-29.137965326662265,94,95,11.850000000000001,11.8,29.0,26.0,false,false,false,false
1792776549,PATH_FOLLOWING,0.009999999776482582,126871.0,137591.0,65.0,176.0,0.2434017595307918,-0.4887585532746823,2.884310850439883,-5.767350928641251,0.875,1.25,0.0,0.0,129076.63509737633,110.91225340499234,1.847622256052282,138278.0756727981,170.62296158568643,0.11992819557269392,-30.372933204649893,96,97,11.850000000000001,11.8,29.0,26.0,false,false,false,false
1806868815,PATH_FOLLOWING,0.009999999776482582,127016.0,137954.0,65.0,180.0,0.2776148582600195,-0.5219941348973607,3.289736070381232,-6.159530791788857,0.875,1.25,0.0,0.0,129201.65916103478,112.99332672979008,1.880696255837063,138468.51619775227,172.00367114632542,0.11682360133950971,-30.98159150587113,97,98,11.850000000000001,11.8,29.0,26.0,false,false,false,false
1813413330,PATH_FOLLOWING,0.009999999776482582,127016.0,137954.0,68.0,180.0,0.2668621700879765,-0.5219941348973607,3.1623167155425222,-6.159530791788857,0.875,1.25,0.0,0.0,129311.81201665297,114.824362800069,1.9087678276397326,138634.5947243581,173.1692097485788,0.11418857600423621,-31.58355281133589,98,99,11.850000000000001,11.8,29.0,26.0,false,false,false,false
1829184646,PATH_FOLLOWING,0.009999999776482582,127163.0,138324.0,68.0,183.0,0.28934506353861195,-0.5327468230694037,3.428739002932552,-6.286412512218964,0.875,1.25,0.0,0.0,129474.1113923743,117.51668494722637,1.9484227217093575,138876.64462545014,174.81163833607218,0.11046624033860286,-32.76501545869309,100,101,11.850000000000001,11.8,29.0,26.0,false,false,false,false
1840298788,PATH_FOLLOWING,0.009999999776482582,127318.0,138723.0,71.0,187.0,0.2825024437927664,-0.5131964809384164,3.3194037145650053,-6.055718475073314,0.875,1.25,0.0,0.0,129580.37915815033,119.27434446372578,1.9731204027501714,139033.19913884645,175.83519939373542,0.10814790876548235,-32.76501545869309,100,101,11.75,11.8,29.0,26.0,false,false,false,false
1855502290,PATH_FOLLOWING,0.009999999776482582,127484.0,139141.0,75.0,191.0,0.270772238514174,-0.5532746823069403,3.181573802541544,-6.528641251221896,1.0,1.375,0.0,0.0,129818.84811919181,123.20063061595881,2.0251502012255043,139379.40585612183,178.00458149881575,0.10326395590099839,-33.91272146656471,102,103,11.75,11.8,29.0,26.0,false,false,false,false
1870289000,PATH_FOLLOWING,0.009999999776482582,127484.0,139141.0,75.0,191.0,0.2776148582600195,-0.5532746823069403,3.2619745845552295,-6.528641251221896,1.0,1.375,0.0,0.0,130002.12250384637,126.19759716308401,2.0619661400602833,139640.69080734905,179.56013834974766,0.09980808195944978,-35.02231439174012,104,105,11.75,11.8,29.0,26.0,false,false,false,false
1877211284,PATH_FOLLOWING,0.009999999776482582,127656.0,139558.0,78.0,196.0,0.2776148582600195,-0.5513196480938416,3.4227761485826003,-6.182600195503421,1.0,1.5,0.0,0.0,130081.95668646171,127.49814100677668,2.0773391565707073,139753.49327988186,180.2153243856168,0.0983650288117688,-35.02231439174012,104,105,11.75,11.8,29.0,26.0,false,false,false,false
1892643572,PATH_FOLLOWING,0.009999999776482582,127656.0,139558.0,81.0,196.0,0.2913000977517107,-0.44868035190615835,3.4227761485826003,-5.294428152492669,1.0,1.375,0.0,0.0,130293.9138211759,130.92736039933027,2.1154158283588043,140048.70098061196,181.86585181232834,0.09479079560069828,-36.08970360234966,106,107,11.75,11.75,29.0,26.0,false,false,false,false
1908845816,PATH_FOLLOWING,0.009999999776482582,127831.0,139963.0,81.0,200.0,0.3343108504398827,-0.5327468230694037,3.9281524926686213,-6.259775171065494,1.0,1.375,0.0,0.0,130482.1595069392,133.94951678631315,2.1468503007031305,140307.04350146372,183.25616728360313,0.09184003544153277,-37.11107492341599,108,109,11.75,11.75,29.0,26.0,false,false,false,false
1916054453,PATH_FOLLOWING,0.009999999776482582,128016.0,140365.0,85.0,204.0,0.3098729227761486,-0.5073313782991202,3.641006842619746,-5.961143695014663,1.0,1.25,0.0,0.0,130591.45673335418,135.69039921627333,2.163865144027539,140454.9640719154,184.02476664680626,0.09024283331484276,-37.11107492341599,108,109,11.75,11.75,29.0,26.0,false,false,false,false
1935258165,PATH_FOLLOWING,0.009999999776482582,128213.0,140790.0,89.0,206.0,0.3098729227761486,-0.544477028347996,3.641006842619746,-6.397605083088954,1.125,1.0,0.0,0.0,130871.24659768089,140.10781136420928,2.204412442528083,140828.2475109915,185.89849186863165,0.08643659848801678,-38.08288963980889,110,111,11.75,11.75,29.0,26.0,false,false,false,false
1950734466,PATH_FOLLOWING,0.009999999776482582,128213.0,140790.0,89.0,206.0,0.37145650048875856,-0.544477028347996,4.364613880742913,-6.397605083088954,1.125,1.0,0.0,0.0,131091.5513401394,143.54163421990367,2.23335247766952,141116.44192056384,187.27937183273085,0.08371993287347593,-39.00187261331599,112,113,11.75,11.75,29.0,26.0,false,false,false,false
1961669784,PATH_FOLLOWING,0.009999999776482582,128425.0,141244.0,94.0,210.0,0.36852394916911047,-0.52297165200391,4.330156402737048,-6.144916911045943,1.375,1.0,0.0,0.0,131183.6993642895,144.96852988348274,2.2448958593587003,141235.833535372,187.83879700237563,0.0826363141382071,-39.00187261331599,112,113,11.75,11.75,29.0,26.0,false,false,false,false
1972218511,PATH_FOLLOWING,0.009999999776482582,128425.0,141244.0,94.0,210.0,0.3391984359726295,-0.52297165200391,3.9855816226783967,-5.1571358748778104,1.5,1.0,0.0,0.0,131410.13680926908,148.43851300915924,2.27137812048917,141524.95701197514,189.14970192833206,0.08015029987427211,-39.86499059661602,114,115,11.75,11.75,29.0,26.0,false,false,false,false
1986009565,PATH_FOLLOWING,0.009999999776482582,128648.0,141681.0,99.0,212.0,0.38807429130009774,-0.520039100684262,4.559872922776148,-6.110459433040078,1.5,1.0,0.0,0.0,131544.56266447488,150.48002838228766,2.2862567835210075,141694.50262497735,189.8977919372711,0.07875356045949419,-40.2747111887175,115,116,11.75,11.75,29.0,26.0,false,false,false,false
1993361437,PATH_FOLLOWING,0.009999999776482582,128886.0,141681.0,105.0,212.0,0.3626588465298143,-0.520039100684262,4.261241446725318,-6.110459433040078,1.625,0.875,0.0,0.0,131735.77594760378,153.35887884394097,2.3064121081228106,141932.89579461908,190.92332490246503,0.07686144445496251,-40.66942202809981,116,117,11.75,11.75,29.0,26.0,false,false,false,false
2010197689,PATH_FOLLOWING,0.009999999776482582,128886.0,142094.0,105.0,213.0,0.40664711632453565,-0.5219941348973607,4.7781036168132935,-6.133431085043988,1.625,0.875,0.0,0.0,131992.1981244231,157.17340400803263,2.3318729371201794,142247.60458182893,192.23189817164678,0.07447122555660349,-41.41251966181008,118,119,11.75,11.75,29.0,26.0,false,false,false,false
2016177661,PATH_FOLLOWING,0.009999999776482582,129130.0,142510.0,111.0,214.0,0.3704789833822092,-0.5219941348973607,4.353128054740958,-5.938172043010753,1.875,0.875,0.0,0.0,132093.90401018597,158.6736447253606,2.3415958428407952,142371.07113692234,192.73322236944273,0.0735584363072679,-41.41251966181008,118,119,11.75,11.75,29.0,26.0,false,false,false,false
2033365208,PATH_FOLLOWING,0.009999999776482582,129130.0,142510.0,117.0,214.0,0.3704789833822092,-0.43206256109481916,4.353128054740958,-5.0767350928641255,1.625,0.75,0.0,0.0,132374.93745035122,162.77195366956545,2.3673782434460904,142707.265162868,194.05584542672267,0.07113797572230723,-42.091767346267204,120,121,11.75,11.75,29.0,26.0,false,false,false,false
2042512574,PATH_FOLLOWING,0.009999999776482582,129391.0,142946.0,117.0,215.0,0.43499511241446726,-0.52297165200391,5.11119257086999,-6.144916911045943,1.625,0.75,0.0,0.0,132486.10900449514,164.36061906907216,2.360205896881294,142838.6074410991,194.53877950983443,0.06833132389467628,-42.406685303276554,121,122,11.75,11.75,29.0,26.0,false,false,false,false
2054818361,PATH_FOLLOWING,0.009999999776482582,129653.0,143385.0,122.0,214.0,0.3949169110459433,-0.4506353861192571,4.640273704789833,-5.294965786901271,1.625,0.75,0.0,0.0,132731.54128284342,167.7267258761163,2.2704662770012045,143125.38819892262,195.43718398854136,0.054333824101446784,-42.7046489562594,122,123,11.75,11.75,29.0,26.0,false,false,false,false
2063003159,PATH_FOLLOWING,0.019999999552965164,129653.0,143385.0,122.0,214.0,0.45356793743890517,-0.4506353861192571,5.329423264907136,-5.294965786901271,1.625,0.75,0.0,0.0,132869.3270457064,169.50307935564066,2.201945564578398,143284.30988222864,195.81041368361255,0.04489763262437024,-42.98522056426034,123,124,11.75,11.75,29.0,26.0,false,false,false,false
2082005685,PATH_FOLLOWING,0.019999999552965164,129932.0,143798.0,128.0,211.0,0.4203323558162268,-0.458455522971652,4.938905180840665,-5.386852394916911,1.625,0.375,0.0,0.0,133105.44448408645,172.39751688970767,2.08320279719926,143553.89821595975,196.2820339224189,0.02917026087152943,-43.4926523658321,125,126,11.75,11.75,29.0,26.0,false,false,false,false
2095260672,PATH_FOLLOWING,0.009999999776482582,130220.0,144193.0,133.0,209.0,0.4056695992179863,-0.42717497556207235,4.766617790811339,-5.01930596285435,1.625,0.375,0.0,0.0,133427.4413151856,175.98655172708322,1.9183694451109512,143914.94908976913,196.53591622183583,0.008708421936999193,-43.71884663858841,126,127,11.75,11.75,29.0,26.0,false,false,false,false
2109578286,PATH_FOLLOWING,0.009999999776482582,130220.0,144193.0,133.0,209.0,0.4125122189638319,-0.42717497556207235,4.847018572825025,-5.01930596285435,1.625,0.375,0.0,0.0,133662.0987497831,178.372777843748,1.796574128348449,144173.8468481663,196.4806223496005,-0.005628358890018883,-44.11481105426658,128,129,11.75,11.75,29.0,26.0,false,false,false,false
2118254041,PATH_FOLLOWING,0.009999999776482582,130520.0,144592.0,139.0,208.0,0.426197458455523,-0.4897360703812317,5.007820136852395,-5.754398826979473,1.5,0.375,0.0,0.0,133794.02756721128,179.6333034468559,1.7275484843010556,144317.91358009365,196.36659894232008,-0.013499073120507505,-44.11481105426658,128,129,11.75,11.75,29.0,26.0,false,false,false,false
2132744221,PATH_FOLLOWING,0.009999999776482582,130520.0,144592.0,139.0,208.0,0.426197458455523,-0.4897360703812317,5.007820136852395,-5.007820136852395,1.375,0.5,0.0,0.0,134105.42106620243,182.36137264624642,1.5630682032976972,144653.42296426752,195.85110641047865,-0.03154469937599427,-44.4341077819916,130,131,11.75,11.75,29.0,26.0,false,false,false,false
2144639281,PATH_FOLLOWING,0.009999999776482582,130831.0,145004.0,144.0,205.0,0.501466275659824,-0.5131964809384164,5.892228739002933,-6.030058651026393,1.375,0.5,0.0,0.0,134280.79338935314,183.76105026202256,1.4696118129519766,144839.8768762697,195.42714554403113,-0.04143325430054702,-44.56458717025528,131,132,11.75,11.75,29.0,26.0,false,false,false,false
2153537347,PATH_FOLLOWING,0.019999999552965164,131145.0,145004.0,149.0,205.0,0.46725317693059626,-0.5131964809384164,5.490224828934506,-6.030058651026393,1.5,0.875,0.0,0.0,134487.95494727505,185.28878002101365,1.3584816790058505,145057.84046156108,194.80583382600685,-0.05287966067572318,-44.67545677004583,132,133,11.75,11.75,29.0,26.0,false,false,false,false
2169172145,PATH_FOLLOWING,0.019999999552965164,131145.0,145422.0,149.0,203.0,0.5180840664711632,-0.5131964809384164,6.087487781036168,-6.030058651026393,1.5,0.875,0.0,0.0,134742.9374319929,186.98984002566363,1.2206618604419859,145322.86867659507,193.87193652327514,-0.06665494371283279,-44.8380407688318,134,135,11.75,11.75,29.0,26.0,false,false,false,false
2175440306,PATH_FOLLOWING,0.019999999552965164,131467.0,145810.0,153.0,201.0,0.5024437927663734,-0.5131964809384164,5.398338220918866,-5.605083088954057,1.875,1.0,0.0,0.0,134894.70837112487,187.89637172500716,1.138010266688148,145478.70952341208,193.2176240201225,-0.0746806535446473,-44.8380407688318,134,135,11.75,11.75,29.0,26.0,false,false,false,false
2195370413,PATH_FOLLOWING,0.019999999552965164,131810.0,146182.0,159.0,198.0,0.45943304007820135,-0.5151515151515151,5.513196480938417,-6.053030303030303,2.0,0.875,0.0,0.0,135277.4725804205,189.85033979702504,0.9073147125709519,145866.33705624557,191.2618521769568,-0.09636543998610259,-44.92146650997574,136,137,11.75,11.75,29.0,26.0,false,false,false,false
2211575618,PATH_FOLLOWING,0.019999999552965164,131810.0,146182.0,159.0,198.0,0.46920821114369504,-0.5151515151515151,5.513196480938417,-6.053030303030303,1.875,0.875,0.0,0.0,135585.09810062326,191.07873442843675,0.7342248269855254,146172.04279159594,189.3838919712161,-0.11188469340341094,-44.925754773295495,138,139,11.75,11.75,29.0,26.0,false,false,false,false
2223243747,PATH_FOLLOWING,0.019999999552965164,132156.0,146573.0,163.0,198.0,0.5464320625610948,-0.49853372434017595,6.4205767350928635,-5.857771260997067,1.875,0.875,0.0,0.0,135727.14762754325,191.55730851684888,0.6542487676406086,146311.66671794959,188.4391595060298,-0.11887715439716269,-44.89834655059533,139,140,11.75,11.75,29.0,26.0,false,false,false,false
2232629130,PATH_FOLLOWING,0.019999999552965164,132156.0,146573.0,163.0,198.0,0.49560117302052786,-0.43499511241446726,5.823313782991202,-5.11119257086999,1.625,0.75,0.0,0.0,135989.34360821405,192.27036598548386,0.5052551173265645,146566.46863744088,186.5484983440186,-0.131572208216039,-44.851352056301586,140,141,11.75,11.75,29.0,26.0,false,false,false,false
2245739115,PATH_FOLLOWING,0.019999999552965164,132515.0,146984.0,168.0,198.0,0.5620723362658846,-0.4975562072336266,6.604349951124144,-5.846285434995113,1.625,0.75,0.0,0.0,136162.020745836,192.62875745969046,0.4061484102340312,146732.3989506642,185.20876344063385,-0.1397995178362813,-44.78488845319069,141,142,11.75,11.75,29.0,26.0,false,false,false,false
2253350085,PATH_FOLLOWING,0.019999999552965164,132515.0,146984.0,174.0,198.0,0.5161290322580645,-0.4975562072336266,6.064516129032258,-5.846285434995113,2.0,0.75,0.0,0.0,136391.33525581332,192.96786423130408,0.2732125796586019,146950.48037137897,183.31484814091723,-0.1505657405809033,-44.69909809624471,142,143,11.75,11.75,29.0,26.0,false,false,false,false
2265778980,PATH_FOLLOWING,0.019999999552965164,132893.0,147396.0,174.0,197.0,0.5747800586510264,-0.4887585532746823,6.75366568914956,-5.742913000977517,2.0,0.75,0.0,0.0,136591.32288482622,193.13217501292368,0.15588891354111573,147138.5262243692,181.55452712401598,-0.15980504699391815,-44.59414928998183,143,144,11.75,11.75,29.0,26.0,false,false,false,false
2273738137,PATH_FOLLOWING,0.019999999552965164,133282.0,147396.0,181.0,197.0,0.530791788856305,-0.4887585532746823,6.236803519061583,-5.742913000977517,2.375,0.75,0.0,0.0,136787.29793135863,193.17350114390774,0.03953577039883405,147320.88435409806,179.73216396429424,-0.1687245423332257,-44.470237225130695,144,145,11.75,11.75,29.0,26.0,false,false,false,false
2286563794,PATH_FOLLOWING,0.009999999776482582,133282.0,147791.0,181.0,198.0,0.581622678396872,-0.4750733137829912,6.834066471163246,-5.5821114369501466,2.375,0.75,0.0,0.0,136985.72465832764,193.0939360264813,-0.07979622216368149,147503.62220179493,177.78980519505825,-0.17762063109671838,-44.32758508187511,145,146,11.75,11.75,29.0,26.0,false,false,false,false
2296166992,PATH_FOLLOWING,0.009999999776482582,133678.0,148170.0,186.0,198.0,0.5347018572825024,-0.4750733137829912,5.823313782991202,-4.938905180840665,2.375,0.75,0.0,0.0,137215.96397611694,192.85271586908289,-0.22028110450976457,147713.37901095106,175.41884590238584,-0.1877784298853127,-44.1664452836393,146,147,11.75,11.75,29.0,26.0,false,false,false,false
2311785739,PATH_FOLLOWING,0.009999999776482582,133678.0,148170.0,186.0,198.0,0.49560117302052786,-0.4203323558162268,5.823313782991202,-4.938905180840665,2.0,0.75,0.0,0.0,137515.20512524366,192.25950193165426,-0.4070457967612703,147981.8619373811,172.12235025753287,-0.2006723056192515,-43.78986706606361,148,149,11.75,11.75,29.0,26.0,false,false,false,false
2319846269,PATH_FOLLOWING,0.009999999776482582,134085.0,148543.0,192.0,197.0,0.5024437927663734,-0.43792766373411535,5.903714565004887,-5.145650048875855,2.0,0.5,0.0,0.0,137629.68447909484,191.9683900772015,-0.47952447371881657,148083.6532566602,170.812906799965,-0.20553437152744602,-43.57509273026013,149,150,11.75,11.75,29.0,26.0,false,false,false,false
2334330929,PATH_FOLLOWING,0.019999999552965164,134491.0,148543.0,197.0,194.0,0.5024437927663734,-0.3675464320625611,5.903714565004887,-4.318670576735093,1.5,0.375,0.0,0.0,137936.851429595,190.94009800130527,-0.6701773565617902,148353.2418306973,167.11893461489606,-0.21762856639208297,-43.34316214668664,150,151,11.75,11.75,29.0,26.0,false,false,false,false
2345753654,PATH_FOLLOWING,0.019999999552965164,134491.0,148930.0,197.0,194.0,0.581622678396872,-0.3675464320625611,6.834066471163246,-4.318670576735093,1.5,0.375,0.0,0.0,138087.41723067928,190.3542476516088,-0.7325063155557981,148483.7772231917,165.25552453140352,-0.2207488103473435,-43.094481016183266,151,152,11.75,11.75,29.0,26.0,false,false,false,false
2356147178,PATH_FOLLOWING,0.019999999552965164,134905.0,149337.0,201.0,194.0,0.520039100684262,-0.43206256109481916,5.685483870967742,-4.284213098729228,1.375,0.25,0.0,0.0,138348.8237904844,189.2900716864077,-0.7749679678073398,148708.07084875077,162.00821438560672,-0.22062876508001317,-42.82940852085499,152,153,11.75,11.75,29.0,26.0,false,false,false,false
2370961812,PATH_FOLLOWING,0.019999999552965164,134905.0,149337.0,201.0,194.0,0.4838709677419355,-0.364613880742913,5.685483870967742,-4.284213098729228,1.375,0.25,0.0,0.0,138636.03882447415,188.07817050096006,-0.7975602069980554,148950.59289270415,158.45212365681016,-0.218507977379527,-42.25130708332956,154,155,11.75,11.75,29.0,26.0,false,false,false,false
2380468767,PATH_FOLLOWING,0.019999999552965164,135324.0,149721.0,204.0,193.0,0.4838709677419355,-0.36950146627565983,5.685483870967742,-4.360117302052786,1.125,0.25,0.0,0.0,138747.20230925732,187.60036813330518,-0.8063238558429775,149043.6692395705,157.07809795056332,-0.21768529427573302,-42.25130708332956,154,155,11.75,11.8,29.0,26.0,false,false,false,false
2392062804,PATH_FOLLOWING,0.019999999552965164,135324.0,149721.0,204.0,193.0,0.4838709677419355,-0.36950146627565983,5.685483870967742,-4.360117302052786,1.125,0.25,0.0,0.0,139038.0425131921,186.31127337903683,-0.8295453238565819,149283.78072850115,153.49309928390323,-0.21550538522617121,-41.61128397741425,156,157,11.75,11.8,29.0,26.0,false,false,false,false
2403386787,PATH_FOLLOWING,0.019999999552965164,135730.0,150079.0,205.0,190.0,0.563049853372434,-0.3489736070381232,6.615835777126099,-4.117888563049854,1.125,0.25,0.0,0.0,139158.65952512238,185.76492446124846,-0.8393087807606626,149382.36514415697,152.00924841113897,-0.2145888376448896,-41.26881359165024,157,158,11.75,11.8,29.0,26.0,false,false,false,false
2411984805,PATH_FOLLOWING,0.019999999552965164,135730.0,150079.0,205.0,190.0,0.4946236559139785,-0.3489736070381232,5.811827956989247,-3.2989247311827956,1.0,0.25,0.0,0.0,139396.30204927374,184.6623158386526,-0.8589304616809488,149574.45293862384,149.09217212315463,-0.21274680720396844,-40.91178307371525,158,159,11.75,11.8,29.0,26.0,false,false,false,false
2424402691,PATH_FOLLOWING,0.019999999552965164,136132.0,150404.0,204.0,186.0,0.5571847507331378,-0.3235581622678397,6.546920821114369,-3.817986314760508,1.0,0.25,0.0,0.0,139557.97994084863,183.89423753157496,-0.8725997771508114,149703.7229659392,147.1119783044633,-0.21146355671676678,-40.54050788863926,159,160,11.75,11.8,29.0,26.0,false,false,false,false
2435473897,PATH_FOLLOWING,0.019999999552965164,136549.0,150709.0,205.0,177.0,0.5004887585532747,-0.270772238514174,5.455767350928641,-3.1951124144672534,1.125,0.125,0.0,0.0,139813.02216139587,182.65099372925386,-0.8948164428402504,149905.25081190275,143.99613337945584,-0.20937788191012785,-40.15530991121989,160,161,11.75,11.8,29.0,26.0,false,false,false,false
2451317782,PATH_FOLLOWING,0.019999999552965164,136549.0,150709.0,205.0,177.0,0.46432062561094817,-0.270772238514174,5.455767350928641,-3.1951124144672534,1.125,0.125,0.0,0.0,140123.9282150598,181.0781806798086,-0.9232573992882015,150146.8458858888,140.21235849796733,-0.20670782839905727,-39.3444720517321,162,163,11.75,11.8,29.0,26.0,false,false,false,false
2457367429,PATH_FOLLOWING,0.019999999552965164,136974.0,151014.0,206.0,167.0,0.46432062561094817,-0.31573802541544477,5.455767350928641,-3.7257086999022486,1.125,0.125,0.0,0.0,140226.42948350165,180.5480444997474,-0.932930907588426,150225.70958621672,138.96791910601664,-0.20579965877353368,-38.91951808216151,163,164,11.75,11.8,29.0,26.0,false,false,false,false
2469050767,PATH_FOLLOWING,0.019999999552965164,136974.0,151014.0,206.0,167.0,0.4731182795698925,-0.2913000977517107,5.559139784946237,-2.7106549364613883,1.0,0.125,0.0,0.0,140403.70520067526,179.61015178062945,-0.9502317791037108,150360.75187252124,136.82127769034585,-0.20417544549557248,-38.48201507624343,164,165,11.9,11.8,29.0,26.0,false,false,false,false
2484840365,PATH_FOLLOWING,0.019999999552965164,137385.0,151311.0,206.0,159.0,0.5210166177908113,-0.2590420332355816,6.200097751710655,-3.056695992179863,1.0,0.125,0.0,0.0,140654.65126274235,178.2405109133196,-0.9759111586704518,150549.37451640455,133.79413584827182,-0.20176458698165306,-38.032332846302836,165,166,11.9,11.8,29.0,26.0,false,false,false,false
2493906161,PATH_FOLLOWING,0.019999999552965164,137783.0,151311.0,205.0,151.0,0.48484848484848486,-0.2590420332355816,5.76969696969697,-3.056695992179863,0.875,0.125,0.0,0.0,140878.95637884378,176.97784139994906,-0.9999813100720977,150715.79255664808,131.09930285403212,-0.19950480789838765,-37.57085334559539,166,167,11.9,11.8,29.0,26.0,false,false,false,false
2509236650,PATH_FOLLOWING,0.019999999552965164,137783.0,151590.0,205.0,151.0,0.5454545454545454,-0.26295210166177907,6.49090909090909,-3.1028347996089933,0.875,0.125,0.0,0.0,141132.70958984343,175.49983656249847,-1.0286677817350645,150901.44170951474,128.06526277322138,-0.1968116018847034,-36.614094573745774,168,169,11.9,11.8,29.0,26.0,false,false,false,false
2517866753,PATH_FOLLOWING,0.019999999552965164,138182.0,151841.0,205.0,143.0,0.4506353861192571,-0.2287390029325513,5.362561094819159,-2.6991202346041057,1.0,0.125,0.0,0.0,141259.2902903849,174.7415249382811,-1.0435948368960855,150993.0035251814,126.55812747841279,-0.19541019115722869,-36.614094573745774,168,169,11.9,11.8,29.0,26.0,false,false,false,false
2533478079,PATH_FOLLOWING,0.019999999552965164,138590.0,151841.0,204.0,143.0,0.4506353861192571,-0.18866080156402737,5.362561094819159,-2.2261974584555233,1.125,0.125,0.0,0.0,141559.36340358277,172.8818689170367,-1.0807670664284919,151207.22511205613,123.00459071252247,-0.19192027993950397,-35.61505725921951,170,171,11.9,11.850000000000001,29.0,26.0,false,false,false,false
2546465865,PATH_FOLLOWING,0.019999999552965164,138590.0,152070.0,204.0,136.0,0.5347018572825024,-0.2316715542521994,6.3629521016617785,-2.7453079178885633,1.125,0.125,0.0,0.0,141763.53240771318,171.56855147335037,-1.1074055386981676,151350.92964144392,120.60202094778927,-0.18941931433726175,-35.10078130695184,171,172,11.9,11.850000000000001,29.0,26.0,false,false,false,false
2554409679,PATH_FOLLOWING,0.019999999552965164,138995.0,152070.0,202.0,126.0,0.4887585532746823,-0.2316715542521994,5.81622678396872,-2.7453079178885633,1.125,0.125,0.0,0.0,141921.56296135273,170.5207359828903,-1.128867491291329,151460.9202207312,118.75250899834776,-0.18740434536377912,-34.577280089043995,172,173,11.9,11.850000000000001,29.0,26.0,false,false,false,false
2570762191,PATH_FOLLOWING,0.019999999552965164,138995.0,152283.0,202.0,126.0,0.5327468230694037,-0.20430107526881722,6.339687194525904,-2.4209677419354843,1.125,0.125,0.0,0.0,142183.7508659993,168.7225439845194,-1.1660036331334132,151641.21115373677,115.70359186279086,-0.18391780011200998,-33.50452258865597,174,175,11.9,11.850000000000001,29.0,26.0,false,false,false,false
2584250416,PATH_FOLLOWING,0.019999999552965164,139400.0,152478.0,201.0,116.0,0.5073313782991202,-0.20625610948191594,6.037243401759531,-2.4441348973607044,1.125,0.125,0.0,0.0,142346.19572170623,167.5687005769399,-1.18997411333913,151751.54997658177,113.82769734009968,-0.1816673061191374,-32.956259533654354,175,176,11.9,11.850000000000001,29.0,26.0,false,false,false,false
2593178875,PATH_FOLLOWING,0.019999999552965164,139806.0,152478.0,202.0,116.0,0.4525904203323558,-0.17888563049853373,5.385826001955034,-2.119794721407625,1.125,0.125,0.0,0.0,142575.77290976187,165.88155990829378,-1.2251147462923504,151905.69849539123,111.19532699816027,-0.1783680904844009,-32.40075654384096,176,177,11.9,11.850000000000001,29.0,26.0,false,false,false,false
2610627676,PATH_FOLLOWING,0.019999999552965164,139806.0,152670.0,202.0,108.0,0.5151515151515151,-0.21114369501466276,6.13030303030303,-2.502052785923754,1.125,0.125,0.0,0.0,142856.09872851588,163.72943173856785,-1.2698861548567797,152091.24595749326,108.01161630417063,-0.17416467114987116,-31.270148054645887,178,179,11.9,11.850000000000001,29.0,26.0,false,false,false,false
2616782800,PATH_FOLLOWING,0.019999999552965164,140208.0,152855.0,202.0,101.0,0.41837732160312807,-0.21114369501466276,4.978690127077225,-2.339882697947214,1.125,0.125,0.0,0.0,142955.90816368454,162.94042282129857,-1.286250293807229,152156.68889997297,106.88558322303302,-0.17262831216780852,-31.270148054645887,178,179,11.9,11.850000000000001,29.0,26.0,false,false,false,false
2630966126,PATH_FOLLOWING,0.019999999552965164,140208.0,152855.0,202.0,101.0,0.41837732160312807,-0.19745845552297164,4.978690127077225,-2.339882697947214,1.0,0.125,0.0,0.0,143196.91774610744,160.96402147882918,-1.3269128956540808,152312.94013491715,104.18979598123147,-0.16881065555396596,-30.117030494288244,180,181,11.9,11.850000000000001,29.0,26.0,false,false,false,false
2642532893,PATH_FOLLOWING,0.019999999552965164,140618.0,153033.0,202.0,96.0,0.4897360703812317,-0.1935483870967742,5.827859237536657,-2.2935483870967746,1.0,0.125,0.0,0.0,143296.77012825757,160.1248537459299,-1.3440569140328853,152377.19669276976,103.07947340798337,-0.16720107147915597,-29.53342216760607,181,182,11.9,11.850000000000001,29.0,26.0,false,false,false,false
2652690386,PATH_FOLLOWING,0.019999999552965164,140618.0,153033.0,202.0,96.0,0.4173998044965787,-0.1935483870967742,4.967057673509287,-1.8881231671554255,0.875,0.125,0.0,0.0,143539.16624323168,158.01051528809876,-1.3866340385394869,152531.49629369995,100.40856037423369,-0.16320367919521936,-28.94586908765063,182,183,11.9,11.850000000000001,29.0,26.0,false,false,false,false
2662559120,PATH_FOLLOWING,0.019999999552965164,141022.0,153204.0,202.0,92.0,0.4838709677419355,-0.19159335288367546,5.758064516129033,-2.2703812316715544,0.875,0.125,0.0,0.0,143641.46459714722,157.09207076671794,-1.404875561120574,152596.0833732109,99.28944073393163,-0.16149105904944602,-28.354943009994038,183,184,11.9,11.850000000000001,29.0,26.0,false,false,false,false
2674708476,PATH_FOLLOWING,0.019999999552965164,141414.0,153365.0,201.0,88.0,0.41348973607038125,-0.15835777126099707,4.920527859237537,-1.8765395894428154,0.875,0.125,0.0,0.0,143885.20257495047,154.8306402261974,-1.4489566951381294,152748.58212541556,96.64501688698267,-0.15735247377713382,-27.76121827942374,184,185,11.9,11.850000000000001,29.0,26.0,false,false,false,false
2690667732,PATH_FOLLOWING,0.019999999552965164,141414.0,153365.0,201.0,88.0,0.47996089931573804,-0.15835777126099707,5.711534701857283,-1.8765395894428154,0.875,0.125,0.0,0.0,144112.62683291317,152.623382496445,-1.4906640320837088,152889.19013270867,94.20560270383581,-0.15343676454348243,-26.567673474027405,186,187,11.9,11.850000000000001,29.0,26.0,false,false,false,false
2698507206,PATH_FOLLOWING,0.019999999552965164,141800.0,153513.0,199.0,84.0,0.3782991202346041,-0.17204301075268819,4.501759530791789,-2.0473118279569893,0.875,0.125,0.0,0.0,144211.4138400065,151.63931825466602,-1.5088827034924033,152949.85823493067,93.15300275636685,-0.15172629866527207,-26.567673474027405,186,187,11.9,11.9,29.0,26.0,false,false,false,false
2711901507,PATH_FOLLOWING,0.019999999552965164,141800.0,153513.0,199.0,84.0,0.3782991202346041,-0.17204301075268819,4.501759530791789,-2.0473118279569893,0.875,0.125,0.0,0.0,144445.76271710772,149.21628089234648,-1.5522391267203264,153092.48016906012,90.67904689799788,-0.14765579201146883,-25.36981906369577,188,189,11.9,11.9,29.0,26.0,false,false,false,false
2723801986,PATH_FOLLOWING,0.019999999552965164,142174.0,153651.0,196.0,79.0,0.447702834799609,-0.17302052785923755,5.327663734115347,-2.058944281524927,0.875,0.125,0.0,0.0,144556.53453645544,148.03639021712024,-1.5727214764330228,153159.42466430514,89.5181726438777,-0.14573280892095275,-24.77069218618312,189,190,11.9,11.9,29.0,26.0,false,false,false,false
2733057721,PATH_FOLLOWING,0.019999999552965164,142174.0,153651.0,196.0,79.0,0.38807429130009774,-0.1495601173020528,4.618084066471163,-1.7797653958944282,0.625,0.25,0.0,0.0,144757.47629060695,145.8292087883977,-1.609729792371164,153280.02458668224,87.42770601375382,-0.1422583088538383,-24.172174877579582,190,191,11.9,11.9,29.0,26.0,false,false,false,false
2747211760,PATH_FOLLOWING,0.019999999552965164,142540.0,153780.0,192.0,74.0,0.44379276637341153,-0.17302052785923755,5.281133919843597,-2.058944281524927,0.625,0.25,0.0,0.0,144895.08025094372,144.26861157929912,-1.6348751519012734,153362.04411571397,86.00659008298045,-0.13989757858846968,-23.574813340067085,191,192,11.9,11.9,29.0,26.0,false,false,false,false
2753618821,PATH_FOLLOWING,0.019999999552965164,142905.0,153780.0,188.0,74.0,0.3919843597262952,-0.17302052785923755,4.664613880742913,-2.058944281524927,0.625,0.25,0.0,0.0,145049.12074427452,142.47336331915199,-1.6627476605347715,153453.34917169175,84.4250599694343,-0.13728079879586014,-22.979143262790306,192,193,11.9,11.9,29.0,26.0,false,false,false,false
2767829902,PATH_FOLLOWING,0.019999999552965164,142905.0,153901.0,188.0,69.0,0.4359726295210166,-0.1710654936461388,5.188074291300098,-2.0356793743890518,0.625,0.25,0.0,0.0,145229.3353889404,140.3087836936444,-1.6948890799718075,153559.5412509889,82.58601479490524,-0.13426326096619007,-22.385688348231245,193,194,11.9,11.9,29.0,26.0,false,false,false,false
2773694696,PATH_FOLLOWING,0.019999999552965164,143260.0,153901.0,184.0,64.0,0.3949169110459433,-0.1710654936461388,4.699511241446725,-2.0356793743890518,0.625,0.25,0.0,0.0,145326.57284460342,139.10304123873465,-1.7118975373270353,153616.50268270474,81.59950030355392,-0.13266646306582602,-21.794958931725528,194,195,11.9,11.9,29.0,26.0,false,false,false,false
2789383847,PATH_FOLLOWING,0.019999999552965164,143260.0,154012.0,184.0,64.0,0.4252199413489736,-0.16911045943304007,5.060117302052786,-2.0124144672531767,0.625,0.25,0.0,0.0,145534.20801033024,136.4635411937753,-1.7475368959527413,153737.61965908634,79.50111689268618,-0.12932055317246255,-20.623643496603076,196,197,11.9,11.9,29.0,26.0,false,false,false,false
2794819421,PATH_FOLLOWING,0.019999999552965164,143605.0,154116.0,180.0,60.0,0.4252199413489736,-0.16911045943304007,5.060117302052786,-2.0124144672531767,0.625,0.25,0.0,0.0,145620.6039766371,135.33360048989525,-1.7620073354542032,153787.78025164345,78.63147951422044,-0.12796203649433752,-20.623643496603076,196,197,11.9,11.9,29.0,26.0,false,false,false,false
2811620096,PATH_FOLLOWING,0.019999999552965164,143605.0,154116.0,180.0,60.0,0.4203323558162268,-0.15933528836754643,5.001955034213099,-1.8960899315738025,0.625,0.25,0.0,0.0,145841.9056807416,132.3501592790119,-1.7979243203993058,153915.68837945128,76.4108044449064,-0.12459012166454968,-19.468966272226222,198,199,11.9,11.9,29.0,26.0,false,false,false,false
2823596091,PATH_FOLLOWING,0.019999999552965164,143943.0,154212.0,176.0,56.0,0.3998044965786901,-0.1652003910068426,4.757673509286413,-1.9658846529814271,0.625,0.25,0.0,0.0,145924.4143219714,131.20937859890233,-1.8109258965318684,153963.20746453502,75.58449321382288,-0.12336952853156638,-18.89896793151202,199,200,11.9,11.9,29.0,26.0,false,false,false,false
2834951139,PATH_FOLLOWING,0.019999999552965164,144284.0,154302.0,174.0,52.0,0.3411534701857282,-0.14760508308895406,4.059726295210166,-1.7565004887585534,0.625,0.25,0.0,0.0,146134.45277668824,128.2123172405798,-1.8426500929471166,154083.69247467758,73.4833967479212,-0.12039123953834226,-18.33441251399577,200,201,11.9,11.9,29.0,26.0,false,false,false,false
2851105587,PATH_FOLLOWING,0.019999999552965164,144284.0,154302.0,174.0,52.0,0.39882697947214074,-0.14760508308895406,4.746041055718475,-1.7565004887585534,0.625,0.25,0.0,0.0,146343.1297607681,125.11321416008292,-1.872256363347688,154202.86615776733,71.39451432078293,-0.11761181577725584,-17.223159779591732,202,203,11.9,11.9,29.0,26.0,false,false,false,false
2862446082,PATH_FOLLOWING,0.019999999552965164,144618.0,154385.0,171.0,48.0,0.3763440860215054,-0.16715542521994134,4.478494623655914,-1.989149560117302,0.625,0.25,0.0,0.0,146431.92400731612,123.75965014923275,-1.8842826782304996,154253.44568136666,70.50416322889127,-0.11648278473591421,-16.67717621847349,203,204,11.9,11.9,29.0,26.0,false,false,false,false
2873135443,PATH_FOLLOWING,0.019999999552965164,144951.0,154385.0,169.0,48.0,0.3196480938416422,-0.15249266862170088,3.8038123167155424,-1.8146627565982405,0.625,0.25,0.0,0.0,146616.97162361836,120.85386519633693,-1.90791038265132,154358.59134982727,68.64197703371127,-0.11426468856059586,-16.13806265802246,204,205,11.9,11.9,29.0,26.0,false,false,false,false
2886487537,PATH_FOLLOWING,0.019999999552965164,144951.0,154470.0,169.0,45.0,0.3704789833822092,-0.17302052785923755,4.40869990224829,-2.058944281524927,0.625,0.25,0.0,0.0,146756.52809724558,118.59566718828744,-1.924582122099179,154437.7191431775,67.23011468756665,-0.11269962414111206,-15.606124291036084,205,206,11.9,11.9,29.0,26.0,false,false,false,false
2893101130,PATH_FOLLOWING,0.019999999552965164,145273.0,154470.0,166.0,45.0,0.32746823069403713,-0.17302052785923755,3.896871945259042,-2.058944281524927,0.5,0.25,0.0,0.0,146852.030268191,117.01080186431503,-1.9353061736937356,154491.78773095243,66.25823925185044,-0.11169287667502811,-15.081645664543803,206,207,11.9,11.9,29.0,26.0,false,false,false,false
2907044167,PATH_FOLLOWING,0.019999999552965164,145273.0,154562.0,166.0,44.0,0.35581622678396874,-0.1739980449657869,4.234213098729228,-2.0705767350928643,0.5,0.25,0.0,0.0,146991.8050840953,114.64154745692619,-1.950141498998731,154570.84026105233,64.82722690455338,-0.11030022186127893,-14.564890852861623,207,208,11.9,11.9,29.0,26.0,false,false,false,false
2913872494,PATH_FOLLOWING,0.019999999552965164,145587.0,154562.0,164.0,44.0,0.3147605083088954,-0.1739980449657869,3.7456500488758553,-2.0705767350928643,0.5,0.25,0.0,0.0,147090.17419854697,112.93019750760172,-1.959825360964905,154626.4188459365,63.81134693023782,-0.10939112959993658,-14.05610374445893,208,209,11.9,11.9,29.0,26.0,false,false,false,false
2927885918,PATH_FOLLOWING,0.019999999552965164,145587.0,154655.0,164.0,44.0,0.34408602150537637,-0.1739980449657869,4.094623655913979,-2.0705767350928643,0.5,0.25,0.0,0.0,147212.86090670564,110.75066156496013,-1.971136651823075,154695.69581677284,62.533983427154716,-0.10832936063772894,-13.555508408078419,209,210,11.9,11.9,29.0,26.0,false,false,false,false
2938621343,PATH_FOLLOWING,0.019999999552965164,145885.0,154748.0,160.0,44.0,0.2619745845552297,-0.16226783968719452,3.117497556207234,-1.9309872922776148,0.5,0.25,0.0,0.0,147338.26759913223,108.46631803914696,-1.981753263396112,154766.4739575117,61.213896172728795,-0.10733269062027403,-13.063309551392441,210,211,11.9,11.9,29.0,26.0,false,false,false,false
2952971171,PATH_FOLLOWING,0.019999999552965164,145885.0,154748.0,160.0,44.0,0.2619745845552297,-0.15151515151515152,3.117497556207234,-1.8030303030303032,0.5,0.25,0.0,0.0,147510.2542586971,105.22410515104383,-1.9945428179233904,154863.5160360079,59.37162508045758,-0.10613217685425892,-12.104826479164133,212,213,11.95,11.9,29.0,26.0,false,false,false,false
2965404953,PATH_FOLLOWING,0.019999999552965164,146174.0,154846.0,155.0,46.0,0.31378299120234604,-0.16617790811339198,3.749706744868035,-1.9775171065493646,0.5,0.25,0.0,0.0,147607.89815910545,103.3318458855628,-2.001001798448971,154918.6156342778,58.3089464827959,-0.105525895664952,-11.638859882985454,213,214,11.95,11.9,29.0,26.0,false,false,false,false
2974997649,PATH_FOLLOWING,0.019999999552965164,146452.0,154944.0,150.0,47.0,0.2697947214076246,-0.16617790811339198,3.224046920821114,-1.9775171065493646,0.5,0.25,0.0,0.0,147737.13103025753,100.76653627900875,-2.008639595582384,154991.56098845985,56.88100496423303,-0.10480893816359317,-11.181926332955154,214,215,11.95,11.9,29.0,26.0,false,false,false,false
2990237118,PATH_FOLLOWING,0.019999999552965164,146452.0,154944.0,150.0,47.0,0.23655913978494625,-0.15053763440860216,2.8268817204301073,-1.7913978494623657,0.5,0.25,0.0,0.0,147887.33408002197,97.68281528237466,-2.016070357393878,155076.40149956514,55.18219912504355,-0.10411149196831077,-10.295610492297428,216,217,11.95,11.9,29.0,26.0,false,false,false,false
3001858179,PATH_FOLLOWING,0.019999999552965164,146721.0,155039.0,144.0,47.0,0.281524926686217,-0.15053763440860216,3.364222873900293,-1.7913978494623657,0.5,0.25,0.0,0.0,147950.84857550455,96.35142976066005,-2.018841675700505,155112.29702683023,54.45272304670689,-0.10385135578999989,-9.866416444312069,217,218,11.95,11.9,29.0,26.0,false,false,false,false
3011505555,PATH_FOLLOWING,0.019999999552965164,146721.0,155039.0,144.0,47.0,0.281524926686217,-0.15053763440860216,2.803519061583578,-1.7913978494623657,0.5,0.25,0.0,0.0,148085.08336023008,93.45419680479836,-2.0236445972366495,155188.23561635002,52.874885785133834,-0.10340061837440928,-9.446633497813899,218,219,11.95,11.9,29.0,26.0,false,false,false,false
3022822068,PATH_FOLLOWING,0.019999999552965164,146977.0,155136.0,139.0,48.0,0.27174975562072334,-0.14565004887585534,3.247409579667644,-1.7405180840664711,0.5,0.25,0.0,0.0,148148.41707631998,92.05836073628943,-2.025565044750636,155224.09345360094,52.11737105313497,-0.1032203666213084,-9.036321504275014,219,220,11.95,11.95,29.0,26.0,false,false,false,false
3033167842,PATH_FOLLOWING,0.019999999552965164,146977.0,155136.0,139.0,48.0,0.22678396871945258,-0.12609970674486803,2.7100684261974584,-1.506891495601173,0.5,0.25,0.0,0.0,148281.22645442712,89.0476623777976,-2.0286568593779277,155299.3782967402,50.489329749079886,-0.10293024060073136,-8.635528051281659,220,221,11.95,11.95,29.0,26.0,false,false,false,false
3045677116,PATH_FOLLOWING,0.019999999552965164,147208.0,155231.0,132.0,48.0,0.26295210166177907,-0.1407624633431085,3.14227761485826,-1.6821114369501464,0.5,0.25,0.0,0.0,148351.9959214492,87.39991455897437,-2.029852930664917,155339.5456972938,49.600427954357755,-0.10281801895076494,-8.244289258198062,221,222,11.95,11.95,29.0,26.0,false,false,false,false
3057469771,PATH_FOLLOWING,0.019999999552965164,147423.0,155321.0,124.0,47.0,0.22678396871945258,-0.1407624633431085,2.4764418377321604,-1.4718475073313781,0.5,0.25,0.0,0.0,148475.56283017312,84.44817754401946,-2.0312219853580387,155409.7706841881,48.01035727792244,-0.10268963974395888,-7.862630570814488,222,223,11.95,11.95,29.0,26.0,false,false,false,false
3071090656,PATH_FOLLOWING,0.019999999552965164,147423.0,155321.0,124.0,47.0,0.2072336265884653,-0.12316715542521994,2.4764418377321604,-1.4718475073313781,0.5,0.25,0.0,0.0,148599.08037006785,81.38021605370528,-2.0315667711676606,155480.11405950921,46.35896321476004,-0.10265737411796967,-7.1281065836075586,224,225,11.95,11.95,29.0,26.0,false,false,false,false
3083920760,PATH_FOLLOWING,0.019999999552965164,147624.0,155406.0,117.0,46.0,0.24437927663734116,-0.12316715542521994,2.920332355816227,-1.4718475073313781,0.5,0.125,0.0,0.0,148673.370848609,79.48033866563898,-2.031345616006229,155522.49119486596,45.335987329331154,-0.10267823304831206,-6.775245735071313,225,226,11.95,11.95,29.0,26.0,false,false,false,false
3092545796,PATH_FOLLOWING,0.019999999552965164,147624.0,155406.0,117.0,46.0,0.21603128054740958,-0.10948191593352884,2.5815738025415444,-1.3083088954056694,0.5,0.125,0.0,0.0,148769.7122750759,76.94580903586157,-2.0305547001164888,155577.5348864132,43.96997548511992,-0.10275255759774876,-6.431975365652594,226,227,11.95,11.95,29.0,26.0,false,false,false,false
3106065434,PATH_FOLLOWING,0.019999999552965164,147816.0,155487.0,109.0,44.0,0.24242424242424243,-0.11925708699902249,2.896969696969697,-1.4251221896383186,0.5,0.125,0.0,0.0,148839.93539227932,75.04475284678476,-2.02963091996786,155617.7218061039,42.94385056188274,-0.10283934911829952,-6.098278880441208,227,228,11.95,11.95,29.0,26.0,false,false,false,false
3112924865,PATH_FOLLOWING,0.019999999552965164,147816.0,155487.0,102.0,44.0,0.21505376344086022,-0.11925708699902249,2.5698924731182795,-1.4251221896383186,0.5,0.125,0.0,0.0,148919.58078458474,72.829898423553,-2.028237403166155,155663.37089629614,41.74619687853923,-0.10297022339424323,-5.774133400508302,228,229,11.95,11.95,29.0,26.0,false,false,false,false
3129275331,PATH_FOLLOWING,0.019999999552965164,147999.0,155561.0,102.0,42.0,0.2375366568914956,-0.11339198435972629,2.8385630498533723,-1.3550342130987292,0.5,0.125,0.0,0.0,149026.48020421108,69.75077539174887,-2.0258079107622997,155724.76282717235,40.076493429917555,-0.10319852793203815,-5.154376351309613,230,231,11.95,11.95,29.0,26.0,false,false,false,false
3136368240,PATH_FOLLOWING,0.019999999552965164,148171.0,155631.0,96.0,40.0,0.2375366568914956,-0.11339198435972629,2.3012218963831863,-1.2382209188660802,0.5,0.125,0.0,0.0,149075.5739150317,68.28994822973753,-2.0244689666427944,155753.008652581,39.28202957568706,-0.10332416338153363,-5.154376351309613,230,231,11.95,11.95,29.0,26.0,false,false,false,false
3151288317,PATH_FOLLOWING,0.019999999552965164,148171.0,155631.0,96.0,40.0,0.19257086999022482,-0.10361681329423265,2.3012218963831863,-1.2382209188660802,0.5,0.125,0.0,0.0,149180.3623455914,65.05939220388746,-2.0211528641523486,155813.41379982518,37.51887875231659,-0.10363563391568009,-4.572419336185024,232,233,11.95,11.95,29.0,26.0,false,false,false,false
3158596494,PATH_FOLLOWING,0.019999999552965164,148333.0,155696.0,91.0,37.0,0.19452590420332355,-0.10166177908113391,2.324584555229716,-1.21485826001955,0.5,0.25,0.0,0.0,149215.03801406536,63.964049321499125,-2.0199558363189536,155833.42862406897,36.91958518991931,-0.10374812624407205,-4.295509381421639,233,234,11.95,11.95,29.0,26.0,false,false,false,false
3172919682,PATH_FOLLOWING,0.019999999552965164,148333.0,155696.0,91.0,37.0,0.19452590420332355,-0.08699902248289346,2.324584555229716,-1.0396383186705767,0.5,0.125,0.0,0.0,149314.86371792486,60.673214429332475,-2.0160571571128254,155891.1736788333,35.110829571920036,-0.1041141450740815,-4.027915416178348,234,235,11.95,11.95,29.0,26.0,false,false,false,false
3191817454,PATH_FOLLOWING,0.019999999552965164,148487.0,155756.0,86.0,35.0,0.2209188660801564,-0.09872922776148582,2.6399804496578687,-1.1798142717497555,0.5,0.125,0.0,0.0,149391.09641860542,58.04925398704394,-2.01276513193783,155935.36417016867,33.66186115138193,-0.1044231871871377,-3.7695871154892067,235,236,11.95,11.95,29.0,26.0,false,false,false,false
3205037881,PATH_FOLLOWING,0.019999999552965164,148632.0,155811.0,81.0,32.0,0.20332355816226783,-0.09188660801564028,2.4297165200391,-1.0980449657869011,0.5,0.125,0.0,0.0,149477.17250512712,54.92485666241704,-2.0086644953742154,155985.38187485194,31.926667923454723,-0.10480827458804567,-3.280517114091457,237,238,11.95,11.95,29.0,26.0,false,false,false,false
3211752097,PATH_FOLLOWING,0.019999999552965164,148632.0,155811.0,81.0,32.0,0.19257086999022482,-0.09188660801564028,2.3012218963831863,-1.0980449657869011,0.5,0.125,0.0,0.0,149530.77846547682,52.89235565274303,-2.005936415724758,156016.58971271964,30.792710425998262,-0.10506448154713341,-3.049666943479134,238,239,11.95,11.95,29.0,26.0,false,false,false,false
3224986391,PATH_FOLLOWING,0.019999999552965164,148770.0,155862.0,77.0,30.0,0.20821114369501467,-0.08993157380254155,2.4881231671554254,-1.0746823069403715,0.5,0.125,0.0,0.0,149571.47086624597,51.298077397531415,-2.003774783219802,156040.31098184155,29.9002714068576,-0.10526744070786537,-2.827866260170431,239,240,11.95,11.95,29.0,26.0,false,false,false,false
3232453433,PATH_FOLLOWING,0.019999999552965164,148770.0,155862.0,77.0,30.0,0.18572825024437928,-0.08993157380254155,2.219452590420332,-1.0746823069403715,0.5,0.125,0.0,0.0,149633.94241811323,48.74737409214853,-2.0002962948688436,156076.78536490156,28.466647169941623,-0.10559395941543298,-2.6150592284584007,240,241,11.95,11.95,29.0,26.0,false,false,false,false
3244569602,PATH_FOLLOWING,0.019999999552965164,148918.0,155907.0,74.0,27.0,0.20234604105571846,-0.08699902248289346,2.4180351906158353,-1.0396383186705767,0.5,0.125,0.0,0.0,149674.11761667498,47.03563512783629,-1.997964537917256,156100.27737142507,27.500712636628833,-0.10581297241220597,-2.411189981809356,241,242,11.95,11.95,29.0,26.0,false,false,false,false
3253003547,PATH_FOLLOWING,0.019999999552965164,148918.0,155907.0,72.0,27.0,0.176930596285435,-0.08699902248289346,2.114320625610948,-1.0396383186705767,0.5,0.25,0.0,0.0,149728.19633249092,44.630142320864906,-1.9947070872219896,156131.9442717952,26.138086959847374,-0.10611876844228907,-2.216202929276185,242,243,11.95,11.95,29.0,26.0,false,false,false,false
3264360014,PATH_FOLLOWING,0.019999999552965164,149061.0,155947.0,72.0,25.0,0.19159335288367546,-0.08504398826979472,2.289540566959922,-1.0162756598240468,0.5,0.25,0.0,0.0,149759.43267748336,43.17945182272353,-1.9927640362821677,156150.25953359003,25.313343785371497,-0.10630120105955268,-2.030043014283937,243,244,11.95,11.95,29.0,26.0,false,false,false,false
3273557534,PATH_FOLLOWING,0.019999999552965164,149199.0,155947.0,71.0,25.0,0.1652003910068426,-0.07820136852394917,1.9824046920821115,-0.9345063538611925,0.375,0.125,0.0,0.0,149813.4500024641,40.5507615590565,-1.9892997502814282,156181.97417617674,23.8133882263691,-0.10662652702855337,-1.8526560016084819,244,245,12.0,11.95,29.0,26.0,false,false,false,false
3288523254,PATH_FOLLOWING,0.019999999552965164,149199.0,155982.0,71.0,22.0,0.1798631476050831,-0.08308895405669599,2.158357771260997,-0.992913000977517,0.375,0.125,0.0,0.0,149862.3378071808,38.02392208807155,-1.9860543433493332,156210.72178675124,22.365236793466906,-0.1069311862574217,-1.6839886921661036,245,246,12.0,11.95,29.0,26.0,false,false,false,false
3294050808,PATH_FOLLOWING,0.019999999552965164,149328.0,155982.0,69.0,20.0,0.15835777126099707,-0.08308895405669599,1.900293255131965,-0.992913000977517,0.375,0.125,0.0,0.0,149890.74045752813,36.46140948552056,-1.9841115541901275,156227.44758940043,21.46606652808314,-0.10711372285934737,-1.5239891578154476,246,247,12.0,11.95,29.0,26.0,false,false,false,false
3309524829,PATH_FOLLOWING,0.019999999552965164,149328.0,156012.0,69.0,20.0,0.16715542521994134,-0.08211143695014662,2.005865102639296,-0.9812316715542521,0.375,0.125,0.0,0.0,149939.1765058506,33.64639928176772,-1.9807198910666448,156256.00225058635,19.84084761344999,-0.1074319998344972,-1.2297932560992986,248,249,12.0,11.95,29.0,26.0,false,false,false,false
3315545565,PATH_FOLLOWING,0.019999999552965164,149451.0,156040.0,68.0,17.0,0.16715542521994134,-0.08211143695014662,2.005865102639296,-0.9345063538611925,0.375,0.125,0.0,0.0,149962.57997997745,32.199973853733546,-1.9790437059105739,156269.8153803313,19.00298072564681,-0.10758948419414222,-1.2297932560992986,248,249,12.0,11.95,29.0,26.0,false,false,false,false
3331182427,PATH_FOLLOWING,0.019999999552965164,149451.0,156040.0,68.0,17.0,0.12316715542521994,-0.07820136852394917,1.4780058651026393,-0.9345063538611925,0.375,0.125,0.0,0.0,150008.20974205187,29.151841110832546,-1.975692555515821,156296.7798921083,17.23077503237458,-0.10790408546830033,-0.9696855658110929,250,251,12.0,11.95,29.0,26.0,false,false,false,false
3337453882,PATH_FOLLOWING,0.019999999552965164,149571.0,156063.0,65.0,15.0,0.12316715542521994,-0.08211143695014662,1.4780058651026393,-0.9853372434017595,0.5,0.125,0.0,0.0,150025.14252331475,27.952681487218097,-1.9744274166568534,156306.79463941883,16.531844748120776,-0.10802281897404509,-0.8523037367559584,251,252,12.0,12.0,29.0,26.0,false,false,false,false
3349490485,PATH_FOLLOWING,0.019999999552965164,149571.0,156063.0,65.0,15.0,0.11143695014662756,-0.07820136852394917,1.3372434017595307,-0.9384164222873901,0.5,0.125,0.0,0.0,150053.11586312967,25.817408218758644,-1.9722981680235119,156323.3546127677,15.283811630596775,-0.10822283621291638,-0.7433150520043548,252,253,12.0,12.0,29.0,26.0,false,false,false,false
3362780371,PATH_FOLLOWING,0.019999999552965164,149681.0,156087.0,62.0,14.0,0.11925708699902249,-0.07624633431085044,1.4310850439882699,-0.9149560117302054,0.5,0.125,0.0,0.0,150076.62546387385,23.87694144677516,-1.9704755162206442,156337.28374753654,14.146759214355365,-0.10839395284045389,-0.6426813059379984,253,254,12.0,12.0,29.0,26.0,false,false,false,false
3372335416,PATH_FOLLOWING,0.019999999552965164,149681.0,156087.0,62.0,14.0,0.09775171065493646,-0.07624633431085044,1.1730205278592374,-0.8680351906158359,0.5,0.125,0.0,0.0,150107.3182806812,21.052096817204742,-1.9680420421871632,156355.4862912927,12.486584195418246,-0.1086223924260748,-0.5503667772709383,254,255,12.0,12.0,29.0,26.0,false,false,false,false
3383314580,PATH_FOLLOWING,0.019999999552965164,149783.0,156107.0,58.0,12.0,0.10557184750733138,-0.07624633431085044,1.2668621700879765,-0.9149560117302054,0.5,0.125,0.0,0.0,150121.28961189135,19.637361103951932,-1.9669143171346037,156363.77783763182,11.653349383288884,-0.10872827964715806,-0.4663383338596389,255,256,12.0,12.0,29.0,26.0,false,false,false,false
3392730884,PATH_FOLLOWING,0.019999999552965164,149783.0,156107.0,54.0,12.0,0.08406647116324535,-0.07624633431085044,1.0087976539589443,-0.8563049853372435,0.375,0.125,0.0,0.0,150144.33388229553,17.022698276990077,-1.9650163848276234,156377.46310600897,10.110159626504522,-0.10890648826192041,-0.39056550714302135,256,257,12.0,12.0,29.0,26.0,false,false,false,false
3404231000,PATH_FOLLOWING,0.019999999552965164,149872.0,156125.0,54.0,11.0,0.08993157380254155,-0.07429130009775171,1.0791788856304985,-0.8914956011730206,0.375,0.125,0.0,0.0,150152.65310055402,15.986811196969459,-1.9624416728240317,156382.40592090003,9.497897052356146,-0.10886702583315415,-0.3230205834170335,257,258,12.0,12.0,29.0,26.0,false,false,false,false
3412592918,PATH_FOLLOWING,0.019999999552965164,149872.0,156125.0,54.0,11.0,0.07038123167155425,-0.07038123167155425,0.8445747800586509,-0.8445747800586509,0.375,0.125,0.0,0.0,150172.546122479,13.16950235829579,-1.9010623968559568,156394.23208645714,7.829818105973936,-0.10569442184977566,-0.2636223696045299,258,259,12.0,12.0,29.0,26.0,false,false,false,false
3428116830,PATH_FOLLOWING,0.019999999552965164,149954.0,156140.0,50.0,10.0,0.07526881720430108,-0.07135874877810362,0.903225806451613,-0.8563049853372435,0.375,0.125,0.0,0.0,150188.4532638083,10.639400019593621,-1.7333564044800374,156403.694121046,6.329429799117147,-0.09652826322868105,-0.16765909717790564,260,261,12.0,12.0,29.0,26.0,false,false,false,false
3434674266,PATH_FOLLOWING,0.019999999552965164,150024.0,156140.0,45.0,9.0,0.05865102639296188,-0.07135874877810362,0.7038123167155426,-0.8328445747800586,0.375,0.125,0.0,0.0,150195.56306195178,9.382853275345175,-1.630665582074815,156407.92518684675,5.583371738304121,-0.0908746972543202,-0.16765909717790564,260,261,12.0,12.0,29.0,26.0,false,false,false,false
3451841385,PATH_FOLLOWING,0.019999999552965164,150024.0,156154.0,45.0,9.0,0.06060606060606061,-0.06940371456500488,0.7272727272727273,-0.8328445747800586,0.375,0.125,0.0,0.0,150208.16396188532,6.9003348328328045,-1.4059797446637503,156415.4264130058,4.108095276933559,-0.07845593405192725,-0.09842707217372736,262,263,12.0,12.0,29.0,26.0,false,false,false,false
3463412136,PATH_FOLLOWING,0.019999999552965164,150079.0,156166.0,39.0,7.0,0.04594330400782014,-0.06744868035190615,0.5513196480938416,-0.8093841642228738,0.375,0.25,0.0,0.0,150212.06787762218,6.038423776018757,-1.3195736398627167,156417.75100477473,3.595524549797146,-0.0736655302619779,-0.07245563885859407,263,264,12.0,12.0,29.0,26.0,false,false,false,false
3471613155,PATH_FOLLOWING,0.019999999552965164,150079.0,156166.0,39.0,7.0,0.04594330400782014,-0.06744868035190615,0.5513196480938416,-0.8093841642228738,0.375,0.25,0.0,0.0,150218.1970921771,4.501119615360864,-1.1465839372193232,156421.40139056632,2.680789996436091,-0.06405111694559759,-0.05151682010994205,264,265,12.0,12.0,29.0,26.0,false,false,false,false
3484030558,PATH_FOLLOWING,0.019999999552965164,150120.0,156177.0,33.0,7.0,0.03519061583577712,-0.06451612903225806,0.42228739002932547,-0.7741935483870968,0.25,0.25,0.0,0.0,150221.14981096314,3.6530971710138016,-1.0388521355027547,156423.16020633862,2.1759852655208487,-0.05805250404338788,-0.035065359606508424,265,266,12.0,12.0,29.0,26.0,false,false,false,false
3491853127,PATH_FOLLOWING,0.019999999552965164,150120.0,156177.0,33.0,7.0,0.03519061583577712,-0.06451612903225806,0.3049853372434017,-0.7741935483870968,0.25,0.25,0.0,0.0,150224.3552185528,2.5730668515630457,-0.880805605246392,156425.0697579201,1.5328613812704397,-0.04923925003616114,-0.022557569603955326,266,267,12.0,12.0,29.0,26.0,false,false,false,false
3502992670,PATH_FOLLOWING,0.019999999552965164,150146.0,156187.0,27.0,6.0,0.025415444770283478,-0.06256109481915934,0.3049853372434017,-0.750733137829912,0.25,0.125,0.0,0.0,150225.64736966178,2.065794911701664,-0.7960744810812204,156425.83958431066,1.2307341985296094,-0.044509859532984086,-0.01345097727427531,267,268,12.0,12.0,29.0,26.0,false,false,false,false
3512734105,PATH_FOLLOWING,0.019999999552965164,150146.0,156187.0,27.0,6.0,0.019550342130987292,-0.06256109481915934,0.23460410557184752,-0.7155425219941349,0.125,0.125,0.0,0.0,150227.49036249032,1.1390945880104435,-0.6045777748877957,156426.93765776049,0.6786900643210558,-0.033811222171992866,-0.007204029687271545,268,269,12.0,12.0,29.0,26.0,false,false,false,false
3532225895,PATH_FOLLOWING,0.019999999552965164,150157.0,156191.0,20.0,5.0,0.019550342130987292,-0.059628543499511244,0.23460410557184752,-0.7155425219941349,0.125,0.125,0.0,0.0,150228.41607048205,0.4045483877199269,-0.37959153672255597,156427.48922946997,0.24104770723993255,-0.021232008764994915,-0.0011258719791812533,270,271,12.0,12.0,29.0,26.0,false,false,false,false
3545684423,PATH_FOLLOWING,0.029999999329447746,150157.0,156196.0,13.0,4.0,0.01759530791788856,-0.05865102639296188,0.21114369501466274,-0.7038123167155426,0.125,0.125,0.0,0.0,150228.585061767,0.1115535831169702,-0.2150180468579762,156427.58992303503,0.06646930611975793,-0.012027309694728972,-2.1396219179246423E-4,271,272,12.0,12.0,29.0,26.0,false,false,false,false
3553755725,PATH_FOLLOWING,0.029999999329447746,150157.0,156196.0,7.0,4.0,0.01759530791788856,-0.05865102639296188,0.21114369501466274,-0.7038123167155426,0.125,0.125,0.0,0.0,150228.60340315694,0.012138191343295765,-0.07918065970724755,156427.60085180594,0.007232576850997502,-0.004429131623845323,-8.905553108097847E-14,272,273,12.0,12.0,29.0,26.0,false,false,false,false
3568301054,PATH_FOLLOWING,0.029999999329447746,150157.0,156197.0,7.0,3.0,0.01759530791788856,-0.05767350928641251,0.21114369501466274,-0.6920821114369501,0.125,0.125,0.0,0.0,150228.60340315694,0.0,0.0,156427.60085180594,0.0,0.0,-8.905553108097847E-14,273,273,12.0,12.0,29.0,26.0,false,false,false,false
3574408364,PATH_FOLLOWING,0.029999999329447746,150156.0,156197.0,3.0,2.0,0.03519061583577712,-0.05767350928641251,0.42228739002932547,-0.6920821114369501,0.125,0.125,0.0,0.0,150228.60340315694,0.0,0.0,156427.60085180594,0.0,0.0,-8.905553108097847E-14,273,273,12.0,12.0,29.0,26.0,false,false,false,false
3589236105,PATH_FOLLOWING,0.029999999329447746,150156.0,156198.0,3.0,2.0,0.03519061583577712,-0.11436950146627566,0.42228739002932547,-1.3724340175953078,0.125,0.125,0.0,0.0,150228.60340315694,0.0,0.0,156427.60085180594,0.0,0.0,-8.905553108097847E-14,273,273,12.0,12.0,29.0,26.0,false,false,false,false
3594413106,PATH_FOLLOWING,0.029999999329447746,150156.0,156201.0,1.0,1.0,0.03519061583577712,-0.11436950146627566,0.42228739002932547,-1.3724340175953078,0.125,0.25,0.0,0.0,150228.60340315694,0.0,0.0,156427.60085180594,0.0,0.0,-8.905553108097847E-14,273,273,12.0,12.0,29.0,26.0,false,false,false,false
3610602339,PATH_FOLLOWING,0.029999999329447746,150156.0,156201.0,1.0,1.0,0.03616813294232649,-0.11436950146627566,0.43401759530791795,-1.3724340175953078,0.125,0.25,0.0,0.0,150228.60340315694,0.0,0.0,156427.60085180594,0.0,0.0,-8.905553108097847E-14,273,273,12.0,12.0,29.0,26.0,false,false,false,false
3615484089,PATH_FOLLOWING,0.029999999329447746,150156.0,156211.0,0.0,2.0,0.03616813294232649,-0.11436950146627566,0.43401759530791795,-1.348973607038123,0.125,0.25,0.0,0.0,150228.60340315694,0.0,0.0,156427.60085180594,0.0,0.0,-8.905553108097847E-14,273,273,12.0,12.0,29.0,26.0,false,false,false,false
3631141756,PATH_FOLLOWING,0.029999999329447746,150156.0,156211.0,0.0,2.0,0.03616813294232649,-0.11241446725317693,0.43401759530791795,-1.348973607038123,0.125,0.25,0.0,0.0,150228.60340315694,0.0,0.0,156427.60085180594,0.0,0.0,-8.905553108097847E-14,273,273,12.0,12.0,29.0,26.0,false,false,false,false
3636065395,PATH_FOLLOWING,0.029999999329447746,150156.0,156230.0,0.0,3.0,0.03616813294232649,-0.10752688172043011,0.43401759530791795,-1.2903225806451613,0.125,0.25,0.0,0.0,150228.60340315694,0.0,0.0,156427.60085180594,0.0,0.0,-8.905553108097847E-14,273,273,12.0,12.0,29.0,26.0,false,false,false,false
3651204754,PATH_FOLLOWING,0.029999999329447746,150156.0,156230.0,0.0,3.0,0.03616813294232649,-0.10752688172043011,0.43401759530791795,-1.2903225806451613,0.125,0.25,0.0,0.0,150228.60340315694,0.0,0.0,156427.60085180594,0.0,0.0,-8.905553108097847E-14,273,273,12.0,12.0,29.0,26.0,false,false,false,false
3662813791,PATH_FOLLOWING,0.029999999329447746,150156.0,156254.0,0.0,5.0,0.03616813294232649,-0.09872922776148582,0.43401759530791795,-1.1847507331378297,0.125,0.25,0.0,0.0,150228.60340315694,0.0,0.0,156427.60085180594,0.0,0.0,-8.905553108097847E-14,273,273,12.0,12.0,29.0,26.0,false,false,false,false
3673830754,PATH_FOLLOWING,0.029999999329447746,150156.0,156254.0,0.0,5.0,0.03616813294232649,-0.08602150537634409,0.43401759530791795,-1.032258064516129,0.25,0.25,0.0,0.0,150228.60340315694,0.0,0.0,156427.60085180594,0.0,0.0,-8.905553108097847E-14,273,273,12.0,12.0,29.0,26.0,false,false,false,false
3690119795,PATH_FOLLOWING,0.029999999329447746,150156.0,156279.0,0.0,8.0,0.03616813294232649,-0.08602150537634409,0.43401759530791795,-1.032258064516129,0.25,0.125,0.0,0.0,150228.60340315694,0.0,0.0,156427.60085180594,0.0,0.0,-8.905553108097847E-14,273,273,12.0,12.0,29.0,26.0,false,false,false,false
3706339265,PATH_FOLLOWING,0.029999999329447746,150156.0,156306.0,0.0,10.0,0.03616813294232649,-0.07429130009775171,0.43401759530791795,-0.8914956011730206,0.25,0.125,0.0,0.0,150228.60340315694,0.0,0.0,156427.60085180594,0.0,0.0,-8.905553108097847E-14,273,273,12.0,12.0,29.0,26.0,false,false,false,false
3713417024,PATH_FOLLOWING,0.029999999329447746,150156.0,156331.0,0.0,12.0,0.03616813294232649,-0.07429130009775171,0.43401759530791795,-0.7272727272727273,0.25,0.125,0.0,0.0,150228.60340315694,0.0,0.0,156427.60085180594,0.0,0.0,-8.905553108097847E-14,273,273,12.0,12.0,29.0,26.0,false,false,false,false
3732398715,PATH_FOLLOWING,0.029999999329447746,150156.0,156331.0,0.0,12.0,0.03616813294232649,-0.06060606060606061,0.43401759530791795,-0.7272727272727273,0.25,0.125,0.0,0.0,150228.60340315694,0.0,0.0,156427.60085180594,0.0,0.0,-8.905553108097847E-14,273,273,12.0,12.0,29.0,26.0,false,false,false,false
3743334822,PATH_FOLLOWING,0.029999999329447746,150156.0,156354.0,0.0,12.0,0.03616813294232649,-0.047898338220918865,0.43401759530791795,-0.5747800586510263,0.25,0.125,0.0,0.0,150228.60340315694,0.0,0.0,156427.60085180594,0.0,0.0,-8.905553108097847E-14,273,273,12.0,12.0,29.0,26.0,false,false,false,false
3753367833,PATH_FOLLOWING,0.029999999329447746,150156.0,156354.0,0.0,12.0,0.03616813294232649,-0.03616813294232649